company_id,cat_id,catName,style_id,StyleName,prod_id,kind,color,Description,weight,size,Qty,Qty_sold,price_MGL,unitprice_Cnd,TransportCostUnit,sellsPrice,barCode,sex,sellDesc,barCodePrint,print_bar,workField,extra
103,0201,pants,103-2W-020106,tights with elastic,,wool,black,woman legging,255,M,3,3,89000,34.49612403,3.744804655,70,1032W02010101M,female,Gungaa; Zaya; Saruul,103020101,1032W02010101M,,
103,0201,pants,103-2W-020102,tights/legging,,wool,bej-brown,,262,M,2,2,89000,34.49612403,5.771404821,130,1032W02010207M,female,Dagii+1 sold,103020102,1032W02010207M,,
103,0201,pants,103-2W-020103,tights/cable,,wool,brown,woman pants /cable/,453,M,1,,149000,57.75193798,19.95760599,130,1032W02010307M,female,,103020103,1032W02010307M,,
103,0201,pants,103-2W-020104,tripezoid,,wool,black,woman pants,280,M,1,1,110000,42.63565892,12.3358271,130,1032W02010401M,female,sold,103020104,1032W02010401M,,
103,0201,pants,103-2W-020104,tripezoid,,wool,gray,,262,M,1,1,110000,42.63565892,11.54280964,70,1032W02010403M,female,Saruul,103020104,1032W02010403M,,
103,0201,pants,103-2W-020104,tripezoid,,wool,brown,,260,M,1,1,110000,42.63565892,11.45469659,130,1032W02010405M,female,sold,103020104,1032W02010405M,,
103,0201,pants,103-2M-020106,long johns,,wool,gray,man Long johns,218,L,1,1,89000,34.49612403,9.604322527,130,1032M02010603M,male,Jay,103020106,1032M02010603M,,
103,0201,pants,103-2M-020106,long johns,,wool,bej-brown,,218,M,1,,89000,34.49612403,9.604322527,130,1032M02010607M,male,,103020106,1032M02010607M,,
103,0101,Cardigan,103-2M-010101,6 buttons,,wool,gray,Man Cardigan,470,L,1,1,149000,57.75193798,20.70656692,167,1032M01010103L,male,Garage gay gift from Jay,103010101,1032M01010103L,,
103,0101,Cardigan,103-2M-010101,6 buttons,,wool,bej-brown,,385,L,1,,149000,57.75193798,16.96176226,167,1032M01010107L,male,,103010101,1032M01010107L,,
103,0403,Foot,103-2W-040301,knee warmer,,wool,white,Ankle warmer,128,F,5,,20000,7.751937985,1.127847049,20,1032W04030106F,female,,103040301,1032W04030106F,,
103,0302,dress,103-2W-030201,dress with zip,,wool,black,dress,351,M,1,,145000,56.20155039,15.4638404,167,1032W03020101M,female,,103030201,1032W03020101M,,
103,0201,pants,103-2W-020105,straight,,wool,bej-brown,women set,381,M,1,1,149000,57.75193798,16.78553616,130,1032W02010507M,female,sold,103020105,1032W02010507M,,
103,0103,T-neck,103-2W-010301,T-neck with lace/strip,,wool,bej-brown,/+/,360,M,1,,145000,56.20155039,15.86034913,150,1032W01030107M,female,,103010301,1032W01030107M,,
103,0102,C-neck,103-2U-010201,dzemper /Cable/,,wool,green,man dzemper /Cable/,483,M,2,1,140000,54.26356589,10.63965087,167,1032U01020109M,unisex,Jay+1 sold,103010201,1032U01020109M,,
103,0102,C-neck,103-2U-010201,dzemper /Cable/,,wool,gray,,287,M,2,,140000,54.26356589,6.322111388,167,1032U01020103M,unisex,,103010201,1032U01020103M,,
103,0102,C-neck,103-2U-010201,dzemper /Cable/,,wool,bej,,415,M,3,1,140000,54.26356589,6.094486007,167,1032U01020102M,unisex,Quinn,103010201,1032U01020102M,,
103,0102,C-neck,103-2U-010202,dzemper /Cable/-7 g,,wool,white,man DZEMPER 7gh,391,M,2,,140000,54.26356589,8.613050707,167,1032U01020206M,unisex,,103010202,1032U01020206M,,
103,0102,C-neck,103-2U-010202,dzemper /Cable/-7 g,,wool,turquoise,,377,M,2,2,140000,54.26356589,8.304655029,167,1032U01020210M,unisex,Quinn+1 sold,103010202,1032U01020210M,,
103,0102,C-neck,103-2U-010203,dzemper 12g,,wool,blue,man DZEMPER -12 gh,444,L,1,,85000,32.94573643,6.520365752,150,1032U01020304L,unisex,sold,103010203,1032U01020304L,,
103,0104,Vest,103-2W-010401,vest with onootoi,,wool,black,woman vest,235,L,1,,60000,23.25581395,10.35328346,130,1032W01040101L,female,,103010401,1032W01040101L,,
103,0103,T-neck,103-2U-010302,blue&black &light blue /alag/,,wool,different Colors,blue&black &light blue,303,M,1,,120000,46.51162791,13.34912718,130,1032U01030211M,unisex,,103010302,1032U01030211M,,
102,0105,Polo,102-1W-010501,Polo - longor back,101-0121-039-2250-3,cashmere,blue,Polo,0,M,1,,,156.68,,349.99,102-1W-010501-04M,female,printed,102010501,102-1W-010501-04M,121W01050104M,
102,0105,Polo,102-1W-010501,Polo - longor back,101-0121-039-79-3,cashmere,blue-nomin,Polo,0,M,1,,,156.68,,349.99,102-1W-010501-08M,female,printed,102010501,102-1W-010501-08M,121W01050108M,
102,0305,Cardigan,102-1W-030501,Cardigan-zadgai engertai,102-0119-029-02-4,cashmere,bej,Cardigan,0,L,1,1,,196.87,,299,102-1W-030501-02L,female,sold,102030501,102-1W-030501-02L,121W03050102L,
102,0101,Cardigan,102-1W-010102,Cardigan- cNeck,102-0120-002-153-5,cashmere,gray,Cardigan,0,XL,1,,,100.42,,229.99,102-1W-010102-03XL,female,printed,102010102,102-1W-010102-03XL,121W0101023XL,
102,0101,Cardigan,102-1W-010103,Cardigan- vNeck,102-0120-024-1096-0,cashmere,yellow,Cardigan,0,F,1,,,140.61,,269.99,102-1W-010103-12F,female,printed,102010103,102-1W-010103-12F,121W01010312F,
102,0101,Cardigan,102-1W-010103,Cardigan- vNeck,102-0120-024-75-0,cashmere,black,Cardigan,0,F,1,1,,140.61,,269.99,102-1W-010103-01F,female,sold,102010103,102-1W-010103-01F,121W01010301F,
102,0101,Cardigan,102-1W-010107,Cardigan-buttons,102-0120-109-3100-3,cashmere,blue-nomin,Cardigan,0,M,1,1,,129.76,,269.99,102-1W-010107-08M,female,sold,102010107,102-1W-010107-08M,121W01010708M,
102,0303,mini Coat,102-1W-030301,buttonless,102-0122-004-1345-4,cashmere,Orange,Cardigan,0,L,1,,,341.53,,751,102-1W-030301-13L,female,,102030301,102-1W-030301-13L,121W03030113L,
102,0101,Cardigan,102-1W-010105,Cardigan-vNeck-cable,102-0122-059-151-4,cashmere,green--pistachio,Cardigan,0,L,1,,,397.79,,875,102-1W-010105-14L,female,,102010105,102-1W-010105-14L,121W01010514L,
102,0101,Cardigan,102-1W-010104,Cardigan-cNeck-buttons,102-0222-108-1507-3,silk-cashmere,gray,Cardigan,0,M,1,,,143.02,,315,102-1W-010104-03M,female,,102010104,102-1W-010104-03M,121W01010403M,
102,0102,C-neck,102-1W-010208,C-neck-longer back,104-0120-020-1096-0,cashmere,yellow,C-neck,0,F,1,1,,116.5,,229.99,102-1W-010208-12F,female,sold,102010208,102-1W-010208-12F,121W01020812F,
102,0102,C-neck,102-1U-010204,C-neck-pink & blue color,104-0120-113-889/3300-5,cashmere,different Colors,C-neck,0,XL,1,,,180.79,,359.99,102-1U-010204-11XL,unisex,,102010204,102-1U-010204-11XL,121U0102041XL,
102,,C-neck,102-1U-010210,C-neck-colored stripe sleeve,104-0120-135-6850/4800/100-4,cashmere,brown,C-neck,0,L,1,,,116.49,,229.99,102-1U-010210-05L,unisex,hos omd,102010210,102-1U-010210-05L,121U01021005L,
102,0102,C-neck,102-1U-010207,C-neck-cable in shoulder,104-0121-001-74-3,cashmere,gray,C-neck,0,M,1,,,108.46,,239,102-1U-010207-03M,unisex,,102010207,102-1U-010207-03M,121U01020703M,
102,0102,C-neck,102-1U-010205,C-neck-simple,104-0121-221-148-4,cashmere,gray,C-neck,0,L,1,1,,83.95,,229.99,102-1U-010205-03L,unisex,sold,102010205,102-1U-010205-03L,121U01020503L,
102,0102,C-neck,102-1U-010205,C-neck-simple,104-0122-001-148-2,cashmere,gray,C-neck,0,S,2,,,100.42,,229.99,102-1U-010205-03S,unisex,,102010205,102-1U-010205-03S,121U01020503S,
102,0102,C-neck,102-1U-010207,C-neck-cable in shoulder,104-1120-130-74-3,cashmere,gray,C-neck,0,M,1,1,,144.22,,317,102-1U-010207-03M,unisex,sold,102010207,102-1U-010207-03M,121U01020703M,
102,0102,C-neck,102-1U-010205,C-neck-simple,104-1121-222-3975-4,cashmere,gray,C-neck,0,L,1,1,,109.66,,229.99,102-1U-010205-03L,unisex,sold,102010205,102-1U-010205-03L,121U01020503L,
102,0102,C-neck,102-1U-010205,C-neck-simple,104-1121-222-3975-4,Cashmere,gray,C-neck,0,M,1,1,,109.66,,200,102-1U-010205-03M,unisex,sold Auna,102010205,102-1U-010205-03M,121U01020503M,
102,0102,C-neck,102-1U-010206,C-neck-camouflage,104-1122-060-3950/3975/3700-3,cashmere,different Colors,C-neck,0,M,1,,,200.88,,349.99,102-1U-010206-11M,unisex,,102010206,102-1U-010206-11M,121U01020611M,
102,0102,C-neck,102-1U-010206,C-neck-camouflage,104-1122-060-3950/3975/3700-4,cashmere,different Colors,C-neck,0,L,1,,,200.88,,349.99,102-1U-010206-11L,unisex,,102010206,102-1U-010206-11L,121U01020611L,
102,0103,T-neck,102-1U-010304,T-neck-different color,105-0119-045-520/522/1402-4,cashmere,different Colors,T-neck,0,L,1,,,196.86,,433,102-1U-010304-11L,unisex,,102010304,102-1U-010304-11L,121U01030411L,
102,0103,T-neck,102-1W-010307,T-neck-sleeve pattern,105-0121-001-02/1096/6900-4,cashmere,bej,T-neck,0,L,1,,,124.13,,273,102-1W-010307-02L,female,hos omdtoi,102010307,102-1W-010307-02L,121W01030702L,
102,0102,C-neck,102-3U-010209,C-neck-cable,105-0122-017-755/81-3,yak,brown,T-neck,0,S,1,,,237.05,,522,102-3U-010209-05S,unisex,sarlag une todruul,102010209,102-3U-010209-05S,123U01020905S,
102,0103,T-neck,102-1U-010305,T-neck-silk,105-0221-021-3170-3,Silk-cashmere,green,T-neck,0,M,1,,,379.3,,429.99,102-1U-010305-09M,unisex,printed,102010305,102-1U-010305-09M,121U01030509M,
102,0103,T-neck,102-1W-010303,T-neck-silk-sleeveless,105-0222-039-1507-2,cashmere,gray,T-neck,0,S,1,,,116.49,,256,102-1W-010303-03S,female,,102010303,102-1W-010303-03S,121W01030303S,
102,0106,Hi-neck,102-1W-010602,Hi-neck-2 different sided with buttons,106-0121-027-5025-2,cashmere,pink,Hi-neck,0,S,1,,,220.97,,359.99,102-1W-010602-15S,female,printed,102010602,102-1W-010602-15S,121W01060215S,
102,0106,Hi-neck,102-1W-010602,Hi-neck-2 different sided with buttons,106-0121-027-755-2,cashmere,white,Hi-neck,0,S,1,,,220.97,,359.99,102-1W-010602-06S,female,printed,102010602,102-1W-010602-06S,121W01060206S,
102,0106,Hi-neck,102-1U-010601,Hi-neck-blue&black,106-0122-012-3975/2500/755-4,cashmere,different Colors,Hi-neck,0,L,1,,,180.79,,359.99,102-1U-010601-11L,unisex,printed,102010601,102-1U-010601-11L,121U01060111L,
102,,,,,106-0322-037-7000-2,,,Hi-neck,0,,1,,,140.61,,155,,,,,,12,
102,0107,V-neck,102-1W-010703,V-neck side split,107-0120-023-81-4,cashmere,black,V-neck,0,L,1,1,,100.82,,229.99,102-1W-010703-01L,female,sold,102010703,102-1W-010703-01L,121W01070301L,
102,0107,V-neck,102-1U-010701,V-neck-simple,107-0121-045-74-4,cashmere,gray,V-neck,0,L,1,,,83.95,,229.99,102-1U-010701-03L,unisex,,102010701,102-1U-010701-03L,121U01070103L,
102,0107,V-neck,102-1U-010701,V-neck-simple,107-0121-045-74-6,cashmere,gray,V-neck,0,XXL,1,,,83.95,,229.99,102-1U-010701-03XXL,unisex,printed,102010701,102-1U-010701-03XXL,121U010701XXL,
102,0107,V-neck,102-1W-010702,V-neck-emjeertei/hos,107-0122-004-81/3100-3,cashmere,black,V-neck,0,M,1,,,200.88,,359.99,102-1W-010702-01M,female,,102010702,102-1W-010702-01M,121W01070201M,
102,0302,dress,102-1W-030211,dress-hi Neck-2 color sleeves,108-0119-001-02/755-6,cashmere,bej-brown,Dress,0,XXL,1,,,180.79,,369.99,102-1W-030211-07XXL,female,printed,102030211,102-1W-030211-07XXL,121W030211XXL,
102,0302,dress,102-1W-030215,dress-C-Neck,108-0119-041-02-3,cashmere,bej,Dress,0,M,1,,,220.97,,459.99,102-1W-030215-02M,female,,102030215,102-1W-030215-02M,121W03021502M,
102,0302,dress,102-1W-030218,dress Cneck with hidden pocket,108-0120-079-81-4,cashmere,black,Dress,0,L,1,,,126.54,,369.99,102-1W-030218-01L,female,printed,102030218,102-1W-030218-01L,121W03021801L,
102,0302,dress,102-1W-030214,dress-hoodie,108-0120-108-02-4,cashmere,bej,Dress,0,L,2,,,248.3,,459.99,102-1W-030214-02L,female,689,102030214,102-1W-030214-02L,121W03021402L,
102,0302,dress,102-1W-030204,dress-strip,108-0122-003-5100-4,cashmere,pink,Dress,0,L,1,,,156.68,,349.99,102-1W-030204-15L,female,printed,102030204,102-1W-030204-15L,121W03020415L,
102,0302,dress,102-1W-030204,dress-strip,108-0122-003-520-4,cashmere,blue,Dress,0,L,1,,,156.68,,349.99,102-1W-030204-04L,female,printed,102030204,102-1W-030204-04L,121W03020404L,
102,0302,dress,102-1W-030207,dress- T-neck,108-0122-035-755/1345-4,cashmere,white,Dress,0,L,1,1,,237.05,,459.99,102-1W-030207-06L,female,sold,102030207,102-1W-030207-06L,121W03020706L,
102,0302,dress,102-1W-030203,dress-pattern sleeve-cable,108-0122-046-1201/755/1331-3,cashmere,green,Dress,0,M,1,,,261.16,,459.99,102-1W-030203-09M,female,printed,102030203,102-1W-030203-09M,121W03020309M,
102,0302,dress,102-1W-030206,dress-cable,108-0122-059-1402-2,cashmere,blue,Dress,0,S,1,,,341.53,,459.99,102-1W-030206-04S,female,printed,102030206,102-1W-030206-04S,121W03020604S,
102,0302,dress,102-3W-030210,dress- hajuu zadgai,108-0322-064-9000-4,yak,brown,Dress,0,L,1,,,156.68,,349.99,102-3W-030210-05L,female,$490  web,102030210,102-3W-030210-05L,123W03021005L,
102,0401,Hat,102-1W-040105,Hat-bennie-emjeertei,110-0119-019-57/02-0,cashmere,bej-brown,Hat,0,F,2,1,,18.44,,76.99,102-1W-040105-07F,female,1bn+1 sold Mario mom Auna,102040105,102-1W-040105-07F,121W04010507F,
102,0401,Hat,102-1W-040102,Hat-Beret cable,110-0120-046-1402-0,cashmere,blue,Hat,0,F,1,1,,24.07,,87,102-1W-040102-04F,female,sold,102040102,102-1W-040102-04F,121W04010204F,
102,0401,Hat,102-1W-040101,Hat- cable binne,110-0121-005-230/813-0,cashmere,Red,Hat,0,F,4,,,24.87,,99.99,102-1W-040101-19F,female,4 bn,102040101,102-1W-040101-19F,121W04010119F,
102,0401,Hat,102-1W-040101,Hat- cable binne,110-0121-005-57-0,cashmere,bej,Hat,0,F,4,,,24.87,,99.99,102-1W-040101-02F,female,4 bn,102040101,102-1W-040101-02F,121W04010102F,
102,0401,Hat,102-1W-040115,Hat-urt chick,110-0122-034-57-0,cashmere,bej,Hat,0,F,1,,,53,,159.99,102-1W-040115-02F,female,1,102040115,102-1W-040115-02F,121W04011502F,
102,0401,Hat,102-1W-040113,Hat-zagvar-hormootoi,110-0122-035-79-0,cashmere,blue-dark,Hat,0,F,2,,,30.9,,129.99,102-1W-040113-16F,female,2 bn,102040113,102-1W-040113-16F,121W04011316F,
102,0401,Hat,102-1W-040113,Hat-zagvar-hormootoi,110-0122-035-81-0,cashmere,black,Hat,0,F,2,,,30.9,,129.99,102-1W-040113-01F,female,1bn+1,102040113,102-1W-040113-01F,121W04011301F,
102,0401,Hat,102-1W-040109,Hat-bennie-uzuurtee saatai,110-0122-040-1392-0,cashmere,blue,Hat,0,F,3,,,23.67,,99.99,102-1W-040109-04F,female,1 burtgev+1+1,102040109,102-1W-040109-04F,121W04010904F,
102,0401,Hat,102-1U-040106,Hat-bennie-2 sided written cashmere,110-1121-049-3900/4800-0,cashmere,yellow,Hat,0,F,2,,,18.85,,76.79,102-1U-040106-12F,unisex,hos 1 burtgev+ 1 hos,102040106,102-1U-040106-12F,121U04010612F,
102,0101,Cardigan,102-1U-010106,Cardigan with hoodie,112-1121-017-1402-4,cashmere,blue-nomin,Cardigan with hood,0,L,1,,,193.65,,426,102-1U-010106-08L,unisex,hos omd,102010106,102-1U-010106-08L,121U01010608L,
102,0301,Coat,102-1W-030104,Coat with zip,113-0119-032-75-5,cashmere,black,Coat,0,XL,1,,,502.27,,1099.99,102-1W-030104-01XL,female,,102030104,102-1W-030104-01XL,121W0301041XL,
102,0301,Coat,102-1W-030101,Coat-reglan shoulder cable,113-0120-005-1776-0,cashmere,gray,Coat,0,M,1,,,381.71,,840,102-1W-030101-03M,female,,102030101,102-1W-030101-03M,121W03010103M,
102,0301,Coat,102-1W-030102,Coat pattern with belt,113-0121-001-1402/01-3,cashmere,different Colors,Coat,0,M,1,,,284.07,,625,102-1W-030102-11M,female,,102030102,102-1W-030102-11M,121W03010211M,
102,0304,Jacket,102-1W-030402,Jacket-melange sarsgar uzuurtei,114-0121-039-81/3100-2,cashmere,blue-nomin,Jacket,0,S,1,,,502.27,,1105,102-1W-030402-08S,female,with pocket,102030402,102-1W-030402-08S,121W03040208S,
102,0304,Jacket,102-3U-030401,Jacket-melange-2 color sided hem/zah/,114-1322-043-7000/9001/3400-3,yak,brown,Jacket,0,M,1,,,305.36,,672,102-3U-030401-05M,unisex,,102030401,102-3U-030401-05M,123U03040105M,
102,0201,pants,102-1U-020111,pants-sweat,115-0119-009-81-4,cashmere,black,Pants,0,L,1,,,156.68,,344.99,102-1U-020111-01L,unisex,,102020111,102-1U-020111-01L,121U02011101L,
102,0201,pants,102-1U-020111,pants-sweat,115-0119-014-81-3,cashmere,black,Pants,0,M,1,,,140.61,,308.99,102-1U-020111-01M,unisex,,102020111,102-1U-020111-01M,121U02011101M,
102,0201,pants,103-2W-020104,tripezoid,115-0119-046-522-4,wool,blue,Pants,0,L,1,,,141.01,,309.99,103-2W-020104-04L,female,,102020104,103-2W-020104-04L,122W02010404L,
102,0201,pants,103-2W-020105,straight,115-0119-046-74-4,wool,gray,Pants,0,L,1,,,141.01,,309.99,103-2W-020105-03L,female,,102020105,103-2W-020105-03L,122W02010503L,
102,0201,pants,102-1W-020115,pants-straight,115-0119-046-79-4,cashmere,blue-dark,Pants,0,L,1,,,141.01,,309.99,102-1W-020115-16L,female,,102020115,102-1W-020115-16L,121W02011516L,
102,0201,pants,102-1U-020110,pants-cable in knee,115-0121-002-74-3,cashmere,gray,Pants,0,M,1,1,,128.55,,282.99,102-1U-020110-03M,unisex,sold,102020110,102-1U-020110-03M,121U02011003M,
102,0201,pants,102-1W-020107,pants-pattern in Side,115-0121-003-02/1096/6900-4,cashmere,bej,Pants,0,L,1,,,112.48,,247,102-1W-020107-02L,female,,102020107,102-1W-020107-02L,121W02010702L,
102,0203,shorts,102-1W-020301,shorts-woman,115-0121-163-2250-3,cashmere,blue,Pants,0,M,1,,,76.31,,167.99,102-1W-020301-04M,female,,102020301,102-1W-020301-04M,121W02030104M,
102,0201,pants,102-1W-020108,pants- pattern belt/hos,115-0122-004-81/3100-3,cashmere,black,Pants,0,M,1,,,180.79,,398,102-1W-020108-01M,female,,102020108,102-1W-020108-01M,121W02010801M,
102,0201,pants,102-1W-020114,pants-legging with morlon,115-0219-015-1511-4,cashmere,black,Pants,0,L,1,,,156.68,,344.99,102-1W-020114-01L,female,,102020114,102-1W-020114-01L,121W02011401L,
102,0201,pants,102-3W-020112,pants-tripizoid,115-0319-002-7000-2,yak,brown,Pants,0,S,1,,,116.49,,255.99,102-3W-020112-05S,female,,102020112,102-3W-020112-05S,123W02011205S,
102,0201,pants,102-3W-020116,pants-legging side cable,115-0319-003-9000-4,yak,brown,Pants,0,L,1,,,76.31,,167.99,102-3W-020116-05L,female,,102020116,102-3W-020116-05L,123W02011605L,
102,0201,pants,102-1U-020109,pants-track,115-1119-045-6850/4800/100-4,cashmere,brown,Pants,0,L,1,,,160.7,,354,102-1U-020109-05L,unisex,hos,102020109,102-1U-020109-05L,121U02010905L,
102,0201,pants,102-1U-020110,pants-cable in knee,115-1120-091-1300-3,cashmere,gray,Pants,0,M,1,1,,153.46,,338,102-1U-020110-03M,unisex,sold,102020110,102-1U-020110-03M,121U02011003M,
102,0201,pants,102-1U-020111,pants-sweat,115-1121-045-1402-4,cashmere,blue-nomin,Pants,0,L,1,,,125.74,,277,102-1U-020111-08L,unisex,,102020111,102-1U-020111-08L,121U02011108L,
102,0202,skirts,102-1W-020202,skirts-straight,116-0119-002-148-5,cashmere,gray,Skirt,0,XL,1,1,,116.49,,256,102-1W-020202-03XL,female,sold,102020202,102-1W-020202-03XL,121W0202023XL,
102,0202,skirts,102-1W-020202,skirts-straight,116-0119-002-79-3,cashmere,blue-dark,Skirt,0,M,1,,,116.5,,256,102-1W-020202-16M,female,,102020202,102-1W-020202-16M,121W02020216M,
102,0202,skirts,102-1W-020205,skirts -in front split,116-0119-015-889-5,cashmere,Crepe,Skirt,0,XL,1,1,,116.5,,200,102-1W-020205-22XL,female,sold,102020205,102-1W-020205-22XL,121W0202052XL,
102,0202,skirts,102-1W-020201,skirts-added square side,116-0121-014-5025-3,cashmere,pink,Skirt,0,M,1,,,216.55,,476,102-1W-020201-15M,female,,102020201,102-1W-020201-15M,121W02020115M,
102,0202,skirts,102-1W-020203,skirts-front desing,116-0122-002-81/755-3,cashmere,different Colors,Skirt,0,M,1,,,220.97,,486,102-1W-020203-11M,female,,102020203,102-1W-020203-11M,121W02020311M,
102,0306,Poncho,102-1W-030601,Poncho-hormoi round with buttons,117-0119-002-02-0,cashmere,bej,Poncho,0,F,1,1,,237.05,,459.99,102-1W-030601-02F,female,sold,102030601,102-1W-030601-02F,121W03060102F,
102,0306,Poncho,102-1W-030601,Poncho-hormoi round with buttons,117-0119-002-254-0,Cashmere,maroon,Poncho,0,F,1,1,,237.05,,489.99,102-1W-030601-17F,female,sold Mario -mom,102030601,102-1W-030601-17F,121W03060117F,
102,0306,Poncho,102-1W-030606,Poncho-square with tassel,117-0119-003-02-0,Cashmere,bej,Poncho,0,F,4,2,,132.97,,299.99,102-1W-030606-02F,female,3 + 1 sold Mario; 1sold- X/7,102030606,102-1W-030606-02F,121W03060602F,
102,0306,Poncho,102-1W-030606,Poncho-square with tassel,117-0119-003-522/148/79-0,Cashmere,gray,Poncho,0,F,1,1,,132.97,,299.99,102-1W-030606-03F,female,sold,102030606,102-1W-030606-03F,121W03060603F,
102,0306,Poncho,102-1W-030602,Poncho-square different color in the edge,117-0119-003-74/522/148-0,Cashmere,gray-dark,Poncho,0,F,1,1,,132.97,,299.99,102-1W-030602-21F,female,Sold Mario -Auna,102030602,102-1W-030602-21F,121W03060221F,
102,0306,Poncho,102-1W-030602,Poncho-square different color in the edge,117-0119-003-74/522/148-0,Cashmere,blue-dark,Poncho,0,F,2,,,132.97,,299.99,102-1W-030602-16F,female,2 bn /yes/,102030602,102-1W-030602-16F,121W03060216F,
102,0306,Poncho,102-1W-030606,Poncho-square with tassel,117-0119-003-75-0,Cashmere,black,Poncho,0,F,1,1,,132.97,,299.99,102-1W-030606-01F,female,1bn,102030606,102-1W-030606-01F,121W03060601F,
102,0306,Poncho,102-1W-030602,Poncho-square different color in the edge,117-0119-003-79-148/522-0,Cashmere,blue-dark,Poncho,0,F,2,,,132.97,,299.99,102-1W-030602-16F,female,2,102030602,102-1W-030602-16F,121W03060216F,
102,0306,Poncho,102-1W-030605,Poncho-shawel buttons,117-0120-002-183-0,cashmere,bej,Poncho,0,F,2,2,,91.98,,199.99,102-1W-030605-02F,female,sold-2  #5/13/2023#,102030605,102-1W-030605-02F,121W03060502F,
102,0306,Poncho,102-1W-030603,Poncho-long-cable,117-0122-005-1331-0,cashmere,maroon,Poncho,0,F,1,,,357.6,,786.99,102-1W-030603-17F,female,1,102030603,102-1W-030603-17F,121W03060317F,
102,0306,Poncho,102-3W-030604,Poncho-Hi-Neck,117-0322-005-9000-0,yak,brown,Poncho,0,F,1,,,357.6,,786.99,102-3W-030604-05F,female,1,102030604,102-3W-030604-05F,123W03060405F,
102,0403,socks,102-1U-040303,socks-saatai,118-0120-036-02-0,cashmere,bej,Socks,0,F,5,5,,31.71,,59,102-1U-040303-02F,unisex,sold 3-X/10; 2-X/23,102040303,102-1U-040303-02F,121U04030302F,
102,0403,socks,102-1U-040303,socks-saatai,118-0120-036-57-0,cashmere,brown,Socks,0,F,5,3,,31.71,,59,102-1U-040303-05F,unisex,sold 1-X/24;1-X/26,102040303,102-1U-040303-05F,121U04030305F,
102,0402,Cloves,102-1W-040204,Cloves-knit different/purl stitch/,119-0119-001-57-0,cashmere,bej-brown,Gloves,0,F,4,1,,15.63,,17,102-1W-040204-07F,female,3+1 Tresa beleg,102040204,102-1W-040204-07F,121W04020407F,
102,0402,Gloves,102-1W-040205,Cloves-fingerless long,119-0119-007,Cashmere,blue,Gloves,0,F,1,1,,14.83,,29.99,102-1W-040205-04F,female,1 Auna beleg,102040205,102-1W-040205-04F,121W04020504F,
102,0402,Gloves,102-1W-040205,Cloves-fingerless long,119-0119-007,Cashmere,blue-led,Gloves,0,F,3,,,14.83,,29.99,102-1W-040205-23F,female,3,102040205,102-1W-040205-23F,121W04020523F,
102,0406,Shawl,102-1W-040606,Shawl-triangle,120-0119-014-57/1392-0,cashmere,bej-brown,Scarf,0,F,1,,,36.13,,109.99,102-1W-040606-07F,female,1bn,102040606,102-1W-040606-07F,121W04060607F,
102,0405,Neck warmer,102-1U-040506,Neck warmer-uzuurtei emjeertei,120-0119-016-57/02-0,cashmere,bej-brown,Scarf,0,F,2,1,,23.67,,69.99,102-1U-040506-07F,unisex,1bn+1 sold Mario mom Auna,102040506,102-1U-040506-07F,121U04050607F,
102,0406,Shawl,102-1W-040604,Shawl-alag arzgar,120-0121-045-74/01-0,cashmere,gray,Scarf,0,F,1,,,99.62,,399.99,102-1W-040604-03F,female,,102040604,102-1W-040604-03F,121W04060403F,
102,0404,Scarf,102-1W-040408,Scarf-uzuurtei saatai,120-0122-018-02-0,cashmere,bej,Scarf,0,F,1,,,56.22,,225.99,102-1W-040408-02F,female,,102040408,102-1W-040408-02F,121W04040802F,
102,0404,Scarf,102-1W-040408,Scarf-uzuurtei saatai,120-0122-018-1392-0,cashmere,blue,Scarf,0,F,3,,,56.22,,225.99,102-1W-040408-04F,female,1 burtgev+1 +1,102040408,102-1W-040408-04F,121W04040804F,
102,0404,Scarf,102-1M-040401,Scarf-Strip,120-1122-023-02/57-0,cashmere,bej-brown,Scarf,0,F,1,,,80.33,,289.99,102-1M-040401-07F,male,,102040401,102-1M-040401-07F,121M04040107F,
102,0404,Scarf,102-1M-040401,Scarf-Strip,120-1122-023-1402/755-0,cashmere,different Colors,Scarf,0,F,1,,,80.33,,245.99,102-1M-040401-11F,male,1bn,102040401,102-1M-040401-11F,121M04040111F,
102,0404,Scarf,102-1U-040405,Scarf- narrow,120-3122-030-02-0,cashmere,bej,Scarf,0,F,1,,,27.69,,109.99,102-1U-040405-02F,unisex,1 malgaitai hamt bv,102040405,102-1U-040405-02F,121U04040502F,
102,,,,,120-3122-030-02-0,,,Scarf,0,,1,,,27.69,,30,,,,,,12,
102,0404,Scarf,102-1U-040415,Scarf-davhar egesen uzuurtei hole,120-4120-072-400-0,cashmere,bej,scarf,0,F,3,,,41.35,,159.99,102-1U-040415-02F,unisex,3 bn,102040415,102-1U-040415-02F,121U04041502F,
102,0406,Shawl,102-1W-040602,Shawl-shar alag,121-0119-005-1096/755/02-0,cashmere,yellow,Shawl,0,F,2,,,71.89,,287.97,102-1W-040602-12F,female,2 bn,102040602,102-1W-040602-12F,121W04060212F,
102,0406,Shawl,102-1W-040603,Shaw-olon ongo alag,121-0120-014-755/148/254-0,cashmere,different Colors,Shawl,0,F,2,,,65.46,,259.99,102-1W-040603-11F,female,2 bn,102040603,102-1W-040603-11F,121W04060311F,
102,0406,Shawl,102-1W-040606,Shawl-triangle,122-0122-002-755/148/75-0,cashmere,gray,Triangle shawl,0,F,1,,,44.16,,179.97,102-1W-040606-03F,female,,102040606,102-1W-040606-03F,121W04060603F,
102,0405,Neck warmer,102-1U-040502,Neck warmer-cable,137-0120-004-1402-0,cashmere,gray,Neck warmer,0,F,1,,,47.38,,199.99,102-1U-040502-03F,unisex,,102040502,102-1U-040502-03F,121U04050203F,
102,0405,Neck warmer,102-1U-040505,Neck warmer-cable-ulaaan,137-0120-008-254-0,cashmere,Red,Neck warmer,0,F,1,,,58.23,,229.99,102-1U-040505-19F,unisex,,102040505,102-1U-040505-19F,121U04050519F,
102,0405,Neck warmer,102-1W-040504,Neck warmer-NY,137-0120-017-755/57/254-0,cashmere,white,Neck warmer,0,F,10,1,,45.37,,199.99,102-1W-040504-06F,female,1+,102040504,102-1W-040504-06F,121W04050406F,
102,0405,Neck warmer,102-1U-040501,Neck warmer- 2 sided written cashmere,137-1122-009-3900/4800-0,cashmere,yellow,Neck warmer,0,F,2,,,53,,219.99,102-1U-040501-12F,unisex,1 hos burtgev+1 hos,102040501,102-1U-040501-12F,121U04050112F,
102,0404,Scarf,102-1U-040413,Scarf-textile,220-0121-040-1096-0,cashmere,yellow,Scarf,0,F,1,,,39.74,,99,102-1U-040413-12F,unisex,,102040413,102-1U-040413-12F,121U04041312F,
102,0404,Scarf,102-1U-040413,Scarf-textile,220-0121-040-3200-0,cashmere,blue-nomin,Scarf,0,F,2,2,,39.74,,99,102-1U-040413-08F,unisex,sold  VI/4; VI/20,102040413,102-1U-040413-08F,121U04041308F,
102,0406,Shawl,102-1W-040607,Shawl- very thin,221-0220-022,Cashmere,pink,Shawl,0,F,6,6,,145.03,,249.99,102-1W-040607-15F,female,5bn+1 tuvshin beleg +1 V/21 zarav;+1 VI/9; +2 VI/10+1-VI/13,102040607,102-1W-040607-15F,121W04060715F,
102,0301,Coat,102-3W-030103,Coat- 2 sided,313-0322-060-315-3,yak,brown,Coat,0,M,1,,,518.34,,1140,102-3W-030103-05M,female,,102030103,102-3W-030103-05M,123W03010305M,
102,0304,Jacket,102-3U-030403,Jacket-sleeve knitten,313-1322-062-9000/306-4,yak,brown,Coat,0,L,2,1,,224.99,,495,102-3U-030403-05L,unisex,jay,102030403,102-3U-030403-05L,123U03040305L,
102,0108,Top,102-1W-010807,Top-Tneck,403-0121-020-3100-3,cashmere,blue-nomin,Top,0,M,1,,,116.5,,229.99,102-1W-010807-08M,female,1bn,102010807,102-1W-010807-08M,121W01080708M,
102,0302,dress,102-1W-030216,dress-V-Neck short sleeves,408-0120-089-57-2,cashmere,bej-brown,Dress,0,S,1,1,,156.68,,349.99,102-1W-030216-07S,female,dagii belen avsan,102030216,102-1W-030216-07S,121W03021607S,
102,0302,dress,102-1W-030216,dress-V-Neck short sleeves,408-0120-089-57-4,cashmere,brown,Dress,0,L,1,,,156.68,,349.99,102-1W-030216-05L,female,490 web,102030216,102-1W-030216-05L,121W03021605L,
102,0302,dress,102-1W-030205,dress-long sleeves seamless,408-0120-110-151-3,cashmere,green--pistachio,Dress,0,M,1,,,220.98,,459.99,102-1W-030202-14M,female,printed,102030202,102-1W-030202-14M,121W03020214M,
102,0302,dress,102-1W-030202,dress-Cneck short sleeves seamless,408-0121-001-1096-5,cashmere,yellow,Dress,0,XL,1,,,180.79,,369.99,102-1W-030202-12XL,female,printed,102030202,102-1W-030202-12XL,121W0302022XL,
102,0302,dress,102-1W-030202,dress-Cneck short sleeves seamless,408-0121-001-1392-3,cashmere,green-cyan,Dress,0,M,1,1,,180.79,,369.99,102-1W-030205-18M,female,sold,102030205,102-1W-030205-18M,121W03020518M,
102,0302,dress,102-1W-030208,dress-Cneck cable pattern long sleeves,408-0121-002-1402-4,cashmere,blue-nomin,Dress,0,L,1,,,156.68,,349.99,102-1W-030208-08L,female,printed,102030208,102-1W-030208-08L,121W03020808L,
102,0302,dress,102-1W-030212,dress-Cneck sleeveless-funnal skirt,408-0121-004-254-4,cashmere,Red,Dress,0,L,1,,,156.68,,349.99,102-1W-030212-19L,female,printed,102030212,102-1W-030212-19L,121W03021219L,
102,0302,dress,102-1W-030209,dress- Cneck with hidden pocket stars pattern,608-0121-156-1392-4,cashmere,blue-nomin,Dress,0,L,1,,,180.79,,369.99,102-1W-030209-08L,female,printed,102030209,102-1W-030209-08L,121W03020908L,
102,0302,dress,102-1W-030213,dress- Cneck with hidden pocket stars pattern,608-0121-157-706-6,cashmere,Red,Dress,0,XXL,1,,,178.78,,369.99,102-1W-030213-19XXL,female,printed,102030213,102-1W-030213-19XXL,121W030213XXL,
102,0401,Hat,102-1W-040107,Hat-beret thiner,110-0119-026,cashmere,bej,Hat,45,F,1,,43110,16.63836357,4.128127369,69.99,102-1W-040107-02F,female,1,102040107,102-1W-040107-02F,121W04010702F,
102,0401,Hat,102-1U-040114,Hat-bennie nugaldag,110-0119-031,cashmere,bej,Hat,60,F,2,,58410,22.54341953,5.504169826,95.99,102-1U-040114-02F,unisex,1bn+1,102040114,102-1U-040114-02F,121U04011402F,
102,0401,Hat,102-1W-040111,Hat-chiktei,110-0120-005,cashmere,gray,Hat,30,F,10,,41310,15.9436511,2.752084913,69.99,102-1W-040111-03F,female,8 bn+1+1,102040111,102-1W-040111-03F,121W04011103F,
102,0401,Hat,102-1W-040105,Hat-bennie-emjeertei,110-0120-017,cashmere,Red,Hat,40,F,1,,54810,21.1539946,3.66944655,89.99,102-1W-040105-19F,female,hos,102040105,102-1W-040105-19F,121W04010519F,
102,0401,Hat,102-1W-040101,Hat- cable binne,110-0120-022,cashmere,green,Hat,40,F,2,,52110,20.1119259,3.66944655,89.99,102-1W-040101-09F,female,1 deer code hiisen +1,102040101,102-1W-040101-09F,121W04010109F,
102,0401,Hat,102-1U-040114,Hat-bennie nugaldag,110-0120-023,cashmere,gray,Hat,50,F,1,,53010,20.45928213,4.586808188,89.99,102-1U-040114-03F,unisex,1bn,102040114,102-1U-040114-03F,121U04011403F,
102,0401,Hat,102-1W-040104,Hat-bennie-pom,110-0120-026,cashmere,gray,Hat,50,F,1,,52110,20.1119259,4.586808188,89.99,102-1W-040104-03F,female,hos,102040104,102-1W-040104-03F,121W04010403F,
102,0401,Hat,102-1W-040112,Hat-bennie cable straight,110-0120-027,cashmere,bej,Hat,65,F,9,,69210,26.71169433,5.962850644,99.99,102-1W-040112-02F,female,7 bn+1+1,102040112,102-1W-040112-02F,121W04011202F,
102,0401,Hat,102-1W-040104,Hat-bennie-pom,110-0120-090,cashmere,blue-dark,Hat,50,F,2,,51210,19.76456966,4.586808188,89.99,102-1W-040104-16F,female,1 burtgev + 1 gray,102040104,102-1W-040104-16F,121W04010416F,
102,0401,Hat,102-1W-040101,Hat- cable binne,110-0120-105,cashmere,gray,Hat,85,F,1,,79110,30.53261289,7.79757392,129.99,102-1W-040101-03F,female,saaitai hos,102040101,102-1W-040101-03F,121W04010103F,
102,0401,Hat,102-1U-040117,Hat-thick chiktei,110-0121-001,cashmere,blue-dark,Hat,80,F,1,,106110,40.95329988,7.338893101,179.99,102-1U-040117-16F,unisex,1bn,102040117,102-1U-040117-16F,121U04011716F,
102,0401,Hat,102-1W-040112,Hat-bennie cable straight,110-0121-005,cashmere,Red,Hat,50,F,1,,71010,27.40640679,4.586808188,119.99,102-1W-040112-19F,female,1bn,102040112,102-1W-040112-19F,121W04011219F,
102,0401,Hat,102-1U-040114,Hat-bennie nugaldag,110-0121-009,cashmere,bej,Hat,60,F,2,,79110,30.53261289,5.504169826,129.99,102-1U-040114-02F,unisex,1bn+1,102040114,102-1U-040114-02F,121U04011402F,
102,0401,Hat,102-1W-040113,Hat-zagvar-hormootoi,110-0122-041,cashmere,gray,Hat,65,F,1,,98910,38.17445002,5.962850644,159.99,102-1W-040113-03F,female,hos,102040113,102-1W-040113-03F,121W04011303F,
102,0401,Hat,102-1M-040103,Hat-strip,110-1122-047,cashmere,brown,Hat,55,F,3,1,59310,22.89077576,5.045489007,99.99,102-1M-040103-05F,male,1 burtgev+ 1bej+1saaral,102040103,102-1M-040103-05F,121M04010305F,
102,0401,Hat,102-1U-040106,Hat-bennie-2 sided written cashmere,110-1122-049,Cashmere,maroon,Hat,45,F,1,,42210,16.29100733,4.128127369,76.79,102-1U-040106-17F,unisex,1bn,102040106,102-1U-040106-17F,121U04010617F,
102,0401,Hat,102-3U-040108,Hat-strip-yak,110-1322-047,yak,blue-nomin,Hat,85,F,1,,44010,16.9857198,7.79757392,99.99,102-3U-040108-08F,unisex,1,102040108,102-3U-040108-08F,123U04010808F,
102,0401,Hat,102-1U-040110,Hat-child-colored-emjeertei,110-3121-034,cashmere,black,Hat,35,F,1,,68310,26.36433809,3.210765732,99.99,102-1U-040110-01F,unisex,hos,102040110,102-1U-040110-01F,121U04011001F,
102,0401,Hat,102-1W-040111,Hat-chiktei,110-4120-101,cashmere,gray,Hat,55,F,1,,55710,21.50135083,5.045489007,89.99,102-1W-040111-03F,female,1,102040111,102-1W-040111-03F,121W04011103F,
102,0402,Cloves,102-1W-040202,Cloves-fingerless short,119-0119-015,cashmere,different Colors,Gloves,15,F,17,2,23310,8.996526438,1.376042456,29.99,102-1W-040202-11F,female,1-VI/20;1-VI/25,102040202,102-1W-040202-11F,121W04020211F,
102,0402,Cloves,102-1W-040203,Cloves-wrist pattern,119-0120-001,cashmere,gray,Gloves,40,F,1,,37710,14.55422617,3.66944655,59.99,102-1W-040203-03F,female,1bn,102040203,102-1W-040203-03F,121W04020303F,
102,0402,Cloves,102-1W-040201,Cloves-NY,119-0120-039,cashmere,white,Gloves,50,F,10,3,58410,22.54341953,4.586808188,69,102-1W-040201-06F,female,sold 1-IX/29;1-X/12;X/22,102040201,102-1W-040201-06F,121W04020106F,
102,0404,Scarf,102-1W-040402,Scarf-cable,120-0119-006,cashmere,blue-dark,Scarf,175,F,2,,184410,71.17329217,16.05382866,299.99,102-1W-040402-16F,female,1 burtgev=1 gray,102040402,102-1W-040402-16F,121W04040216F,
102,0404,Scarf,102-1W-040404,Scarf-2 sided color,120-0119-018,cashmere,Red,Scarf,110,F,1,,100710,38.86916249,10.09097801,169.99,102-1W-040404-19F,female,,102040404,102-1W-040404-19F,121W04040419F,
102,0404,Scarf,102-1W-040403,Scarf-uzuurt overlog,120-0119-021,cashmere,green,Scarf,50,F,1,,50310,19.41721343,4.586808188,89.99,102-1W-040403-09F,female,hos,102040403,102-1W-040403-09F,121W04040309F,
102,0404,Scarf,102-1W-040402,Scarf-cable,120-0121-061,cashmere,gray,Scarf,110,F,1,,142110,54.84754921,10.09097801,229.99,102-1W-040402-03F,female,hos,102040402,102-1W-040402-03F,121W04040203F,
102,0404,Scarf,102-1W-040414,Scarf-uzuurtei suvd,120-0122-019,cashmere,gray,Scarf,100,F,1,,132210,51.02663064,9.173616376,219.99,102-1W-040414-03F,female,,102040414,102-1W-040414-03F,121W04041403F,
102,0405,Neck warmer,102-1U-040507,Neck warmer- with strip,120-1121-038,cashmere,blue-dark,Scarf,55,F,1,,74610,28.79583173,5.045489007,119.99,102-1U-040507-16F,unisex,1bn,102040507,102-1U-040507-16F,121U04050716F,
102,0404,Scarf,102-1M-040401,Scarf-Strip,120-1122-023,cashmere,brown,Scarf,140,F,1,,179910,69.436511,12.84306293,289.99,102-1M-040401-05F,male,er hos,102040401,102-1M-040401-05F,121M04040105F,
102,0404,Scarf,102-3U-040407,Scarf-strip-yak,120-1322-023,yak,brown-blue,Scarf,230,F,1,,98010,37.82709379,21.09931766,179.99,102-3U-040407-20F,unisex,hos,102040407,102-3U-040407-20F,123U04040720F,
102,0404,Scarf,102-1U-040409,Scarf-child-hos,120-3121-041,cashmere,black,Scarf,115,F,1,,108810,41.99536858,10.54965883,179.99,102-1U-040409-01F,unisex,hos huuhed,102040409,102-1U-040409-01F,121U04040901F,
102,0406,Shawl,102-1W-040605,Shawl-uzuurtei suvd,121-0121-001,cashmere,black,Shawl,195,F,1,,199920,77.15939792,17.88855193,329.99,102-1W-040605-01F,female,,102040605,102-1W-040605-01F,121W04060501F,
102,0408,head band,101-1W-040802,head band-twisted,134-0120-010,cashmere,gray,Head bandage,35,F,1,,40410,15.59629487,3.210765732,49.99,101-1W-040802-03F,female,,102040802,101-1W-040802-03F,121W04080203F,
102,0408,head band,101-1W-040802,head band-twisted,134-0122-004,cashmere,black,Head bandage,35,F,1,,44010,16.9857198,3.210765732,49.99,101-1W-040802-01F,female,,102040802,101-1W-040802-01F,121W04080201F,
102,0405,Neck warmer,102-1U-040502,Neck warmer-cable,137-0120-008,cashmere,bej,Scarf,155,F,1,,163710,63.1840988,14.21910538,269.99,102-1U-040502-02F,unisex,,102040502,102-1U-040502-02F,121U04050202F,
102,0405,Neck warmer,102-1U-040503,Neck warmer-cable-saatai,137-0120-019,cashmere,gray,Scarf,70,F,1,,73710,28.44847549,6.421531463,119.99,102-1U-040503-03F,unisex,,102040503,102-1U-040503-03F,121U04050303F,
102,0405,Neck warmer,102-1U-040501,Neck warmer- 2 sided written cashmere,137-1122-009,cashmere,maroon,Scarf,85,F,1,,118710,45.81628715,7.79757392,199.99,102-1U-040501-17F,unisex,,102040501,102-1U-040501-17F,121U04050117F,
102,0404,Scarf,102-1U-040410,Scarf-cubic,220-0121-001,cashmere,different Colors,Scarf,110,F,10,,89010,34.35353146,10.09097801,149.99,102-1U-040410-11F,unisex,,102040410,102-1U-040410-11F,121U04041011F,
102,0404,Scarf,102-3U-040411,Scarf-yak,220-0321-011,yak,brown,Scarf,110,F,1,,62910,24.28020069,10.09097801,109.99,102-3U-040411-05F,unisex,,102040411,102-3U-040411-05F,123U04041105F,
102,0404,Scarf,102-3U-040411,Scarf-yak,220-0321-013,yak,different Colors,Scarf,110,F,1,,62910,24.28020069,10.09097801,109.99,102-3U-040411-11F,unisex,,102040411,102-3U-040411-11F,123U04041111F,
102,0404,Scarf,102-3U-040411,Scarf-yak,220-0321-081,yak,different Colors,Scarf,110,F,1,,62910,24.28020069,10.09097801,109.99,102-3U-040411-11F,unisex,,102040411,102-3U-040411-11F,123U04041111F,
102,0404,Scarf,102-3U-040411,Scarf-yak,220-1321-097,yak,different Colors,Scarf,110,F,2,,62910,24.28020069,10.09097801,99,102-3U-040411-11F,unisex,2 bn,102040411,102-3U-040411-11F,123U04041111F,
102,0406,Shawl,102-3W-040601,Shawl-cubic,221-0321-006,yak,different Colors,Shawl,160,F,1,1,111920,43.19567734,14.6777862,189.99,102-3W-040601-11F,female,sold,102040601,102-3W-040601-11F,123W04060111F,
101,0108,Top,101-1M-010808,Top-Vneck,103-1119-003,Cashmere,bej,Top,185,M,1,,0,86.3056,0,169,101-1M-010808-02M,male,,101010808,101-1M-010808-02M,111M01080802M,
101,0106,Hi-neck,101-1W-010603,Hi-neck-cable,105-0119-018,cashmere,brown,T-neck,400,M,2,,0,186.592,0,746.368,101-1W-010603-05M,female,uld 2,101010603,101-1W-010603-05M,111W01060305M,
101,0106,Hi-neck,101-1W-010604,Hi-neck-urt cable,105-0119-043,cashmere,bej,T-neck,385,M,1,,0,179.6016,0,718.4064,101-1W-010604-02M,female,1bn,101010604,101-1W-010604-02M,111W01060402M,
101,0106,Hi-neck,101-1W-010603,Hi-neck-cable,105-0119-046,cashmere,bej-brown,T-neck,455,M,2,,0,212.2552,0,849.0208,101-1W-010603-07M,female,2bn,101010603,101-1W-010603-07M,111W01060307M,
101,0103,T-neck,101-1W-010308,T-neck-cable,105-0120-062,cashmere,turquoise,T-neck,305,M,3,1,0,142.2832,0,569.1328,101-1W-010308-10M,female,2 dagii=uld 1,101010308,101-1W-010308-10M,111W01030810M,
101,0401,Hat,102-1W-040104,Hat-bennie-pom,110-0120-090,Cashmere,blue,Hat,50,F,6,2,0,23.324,0,59,102-1W-040104-04F,female,4+1 dagii+1 Anna,101040104,102-1W-040104-04F,111W04010404F,
101,0401,Hat,101-1W-040122,Hat-beret cable twisted,110-0120-091,Cashmere,bej,Hat,45,F,3,1,0,20.9984,0,59,101-1W-040122-02F,female,2bn+1 Tony,101040122,101-1W-040122-02F,111W04012202F,
101,0401,Hat,101-1U-040120,Hat-Purl stitch,110-0121-029,Cashmere,black,Hat,60,F,15,2,0,27.9888,0,69,101-1U-040120-01F,unisex,Mario gift; 1 sold,101040120,101-1U-040120-01F,111U04012001F,
101,0401,Hat,101-1U-040119,Hat-ninja,110-0121-039,Cashmere,Red,Hat,70,F,5,1,0,32.6536,0,79,101-1U-040119-19F,unisex,X/18-1 sold,101040119,101-1U-040119-19F,111U04011919F,
101,0401,Hat,102-1W-040115,Hat-urt chick,110-4120-048,Cashmere,maroon,Hat,40,F,1,1,0,18.6592,0,45,102-1W-040115-17F,female,1 sold Anna,101040115,102-1W-040115-17F,111W04011517F,
101,0401,Hat,101-1W-040116,Hat-baby,110-4120-052,cashmere,bej,Hat,25,F,3,,0,11.6688,0,45.69,101-1W-040116-02F,female,/baby/3bn,101040116,101-1W-040116-02F,111W04011602F,
101,0301,Coat,101-1W-030105,Coat-buttonless,113-0120-036,cashmere,bej,Coat,450,M,6,1,0,209.916,0,839.664,101-1W-030105-02M,female,1 dagii /1belen 470+1beleg/+5,101030105,101-1W-030105-02M,111W03010502M,
101,0403,socks,101-1U-040304,socks,118-1121-034,cashmere,maroon,Socks,45,F,5,,0,23.6912,0,69.99,101-1U-040304-17F,unisex,5bn,101040304,101-1U-040304-17F,111U04030417F,
101,0403,socks,101-1U-040305,socks-baby,118-4119-006,cashmere,bej-brown,Socks,15,F,5,,0,7.9016,0,29.99,101-1U-040305-07F,unisex,5bn,101040305,101-1U-040305-07F,111U04030507F,
101,0404,Scarf,101-1U-040416,Scarf-cable edge,120-0119-023,Cashmere,purple light,Scarf,150,F,2,,0,78.948,0,205,101-1U-040416-24F,unisex,2bn,101040416,101-1U-040416-24F,111U04041624F,
101,0404,Scarf,101-1W-040417,Scarf-tate pattern in the edge,120-0120-044,Cashmere,blue,Scarf,60,F,13,4,0,31.5792,0,99,101-1W-040417-04F,female,12+1 auna beleg; +1-VI/9;VII/8;VII/14;,101040417,101-1W-040417-04F,111W04041704F,
101,0404,Scarf,101-1U-040418,Scarf-cable twisted,120-0120-069,Cashmere,bej,Scarf,90,F,4,1,0,47.3688,0,145.99,101-1U-040418-02F,unisex,3 bn+1 Tony,101040418,101-1U-040418-02F,111U04041802F,
101,,,,,123-5121-003,,,Blanket,160,,1,,0,88.4,0,353.6,,,1 dagii /paid to Gold/,,,11,
101,0409,baby booties,101-1U-040901,baby booties 0-6 months pre-walkers,130-4119-001,cashmere,brown,Galoshes,20,F,7,,0,10.5264,0,39.99,101-1U-040901-05F,unisex,7,101040901,101-1U-040901-05F,111U04090105F,
101,0408,head band,101-1W-040802,head band-twisted,134-0120-010,cashmere,maroon,Head kist,30,F,6,1,0,15.7896,0,49.99,101-1W-040802-17F,female,1 Sandi+5bn,101040802,101-1W-040802-17F,111W04080217F,
101,0408,head band,101-1W-040801,head band-strip,134-0121-002,cashmere,different Colors,Head kist,25,F,19,2,0,13.1648,0,49.99,101-1W-040801-11F,female,14 bn. 2-upholstry belleg,101040801,101-1W-040801-11F,111W04080111F,
101,0408,head band,101-1W-040803,head band-twisted saatai,134-0121-003,cashmere,bej,Head kist,30,F,3,,0,15.7896,0,49.99,101-1W-040803-02F,female,3bn,101040803,101-1W-040803-02F,111W04080302F,
101,0407,knee warmer,101-1W-040701,knee warmer,135-0120-006,cashmere,black,Gidr,50,F,4,2,0,26.316,0,77.97,101-1W-040701-01F,female,1 Dagii+3 bn/ 1sold,101040701,101-1W-040701-01F,111W04070101F,
101,0405,Neck warmer,102-1U-040502,Neck warmer-cable,137-0120-004,Cashmere,bej,Scarf,115,F,23,,0,60.5336,0,189.99,102-1U-040502-02F,unisex,23,101040502,102-1U-040502-02F,111U04050202F,
101,,,,,112-0121-41,,,hoodies,,,1,,0,150,0,600,,,1 Duurei naiz /paid paid to Gold/,,,11,
101,0401,Hat,101-1U-040121,Hat-cable nugaldag,110-0119-031,Cashmere,maroon,hat,,F,2,2,0,28,0,65,101-1U-040121-17F,unisex,sold -1Anna; X/23,101040121,101-1U-040121-17F,111U04012117F,
102,0305,Cardigan,102-4W-030502,Cardigan-long with pocket,102-0221-172-1505-0,silk-cashmere,blue-dark,Cardigan,0,F,1,,0,182.6069455,0,549.99,102-4W-030502-16F,female,1bn,102030502,102-4W-030502-16F,124W03050216F,
102,0305,Cardigan,102-4W-030502,Cardigan-long with pocket,102-0221-172-3117-0,silk-cashmere,bej-brown,Cardigan,0,F,1,1,0,182.6069455,0,549.99,102-4W-030502-07F,female,sold,102030502,102-4W-030502-07F,124W03050207F,
102,0101,Cardigan,102-4W-010109,Cardigan-silk in front,102-0221-199-1511/703-3,silk-cashmere,black,Cardigan,0,M,1,,0,182.6069455,0,359.99,102-4W-010109-01M,female,1bn,102010109,102-4W-010109-01M,124W01010901M,
102,0101,Cardigan,102-1M-010108,Cardigan with zip,102-1121-218-02-3,cashmere,bej,Cardigan,0,M,2,,0,122.6227309,0,289.99,102-1M-010108-02M,male,1bn+1,102010108,102-1M-010108-02M,121M01010802M,
102,0101,Cardigan,102-1M-010108,Cardigan with zip,102-1121-218-02-4,cashmere,bej,Cardigan,0,L,2,,0,122.6227309,0,289.99,102-1M-010108-02L,male,1bn+1,102010108,102-1M-010108-02L,121M01010802L,
102,0101,Cardigan,102-1M-010108,Cardigan with zip,102-1121-218-02-6,cashmere,bej,Cardigan,0,XXL,2,,0,122.6227309,0,289.99,102-1M-010108-02XXL,male,1bn+1,102010108,102-1M-010108-02XXL,121M010108XXL,
102,0101,Cardigan,102-1M-010108,Cardigan with zip,102-1121-218-1345-3,cashmere,Orange,Cardigan,0,M,2,,0,122.6227309,0,289.99,102-1M-010108-13M,male,1bn+1,102010108,102-1M-010108-13M,121M01010813M,
102,0101,Cardigan,102-1M-010108,Cardigan with zip,102-1121-218-46-3,cashmere,maroon,Cardigan,0,M,2,,0,122.6227309,0,289.99,102-1M-010108-17M,male,1bn,102010108,102-1M-010108-17M,121M01010817M,
102,0101,Cardigan,102-1M-010108,Cardigan with zip,102-1121-218-46-4,cashmere,maroon,Cardigan,0,L,2,1,0,122.6227309,0,379,102-1M-010108-17L,male,1bn+1,102010108,102-1M-010108-17L,121M01010817L,
102,0101,Cardigan,102-1M-010108,Cardigan with zip,102-1121-218-46-5,cashmere,maroon,Cardigan,0,XL,1,1,0,122.6227309,0,359.99,102-1M-010108-17XL,male,sold,102010108,102-1M-010108-17XL,121M0101087XL,
102,0101,Cardigan,102-1M-010108,Cardigan with zip,102-1121-218-57-6,cashmere,bej-brown,Cardigan,0,XXL,2,,0,122.6227309,0,289.99,102-1M-010108-07XXL,male,1bn+1,102010108,102-1M-010108-07XXL,121M010108XXL,
102,0101,Cardigan,102-1M-010108,Cardigan with zip,102-1121-218-74-3,cashmere,gray-dark,Cardigan,0,M,2,,0,122.6227309,0,289.99,102-1M-010108-03M,male,1bn+1,102010108,102-1M-010108-03M,121M01010803M,
102,0101,Cardigan,102-1M-010108,Cardigan with zip,102-1121-218-74-5,cashmere,gray-dark,Cardigan,0,XL,2,,0,122.6227309,0,289.99,102-1M-010108-21XL,male,1bn+1,102010108,102-1M-010108-21XL,121M0101081XL,
102,0101,Cardigan,102-1M-010108,Cardigan with zip,102-1121-218-74-6,cashmere,gray-dark,Cardigan,0,XXL,2,,0,122.6227309,0,289.99,102-1M-010108-21XXL,male,1bn+1,102010108,102-1M-010108-21XXL,121M010108XXL,
102,0101,Cardigan,102-1M-010108,Cardigan with zip,102-1121-218-79-3,cashmere,blue-dark,Cardigan,0,M,2,,0,122.6227309,0,289.99,102-1M-010108-16M,male,1bn+1,102010108,102-1M-010108-16M,121M01010816M,
102,0101,Cardigan,102-1M-010108,Cardigan with zip,102-1121-218-79-4,cashmere,blue-dark,Cardigan,0,L,1,,0,122.6227309,9,289.99,102-1M-010108-16L,male,1bn,102010108,102-1M-010108-16L,121M01010816L,
102,0101,Cardigan,102-1M-010108,Cardigan with zip,102-1121-218-79-5,cashmere,blue-dark,Cardigan,0,XL,2,,0,122.6227309,0,289.99,102-1M-010108-16XL,male,1bn+1,102010108,102-1M-010108-16XL,121M0101086XL,
102,0101,Cardigan,102-1M-010108,Cardigan with zip,102-1121-218-79-6,cashmere,blue-dark,Cardigan,0,XXL,2,1,0,122.6227309,0,341,102-1M-010108-16XXL,male,1 bn+1,102010108,102-1M-010108-16XXL,121M010108XXL,
102,0101,Cardigan,102-1M-010108,Cardigan with zip,102-1121-218-81-3,cashmere,black,Cardigan,0,M,2,,0,122.6227309,0,289.99,102-1M-010108-16M,male,1bn+1,102010108,102-1M-010108-16M,121M01010816M,
102,0101,Cardigan,102-1M-010108,Cardigan with zip,102-1121-218-81-4,cashmere,black,Cardigan,0,L,2,,0,122.6227309,0,289.99,102-1M-010108-01L,male,1bn+1,102010108,102-1M-010108-01L,121M01010801L,
102,0101,Cardigan,102-1M-010108,Cardigan with zip,102-1121-218-81-5,cashmere,black,Cardigan,0,XL,2,,0,122.6227309,0,289.99,102-1M-010108-01XL,male,1bn+1,102010108,102-1M-010108-01XL,121M0101081XL,
102,0108,Top,102-4W-010802,"Top - Cneck sleeveless, long",103-0219-016-1508-2,Silk-cashmere,gray-dark,Top,0,S,1,,0,90.42067877,0,219.99,102-4W-010802-21S,male,1bn,102010802,102-4W-010802-21S,124W01080221S,
102,0108,Top,102-4W-010802,"Top - Cneck sleeveless, long",103-0219-016-1508-4,Silk-cashmere,gray-dark,Top,0,L,2,,0,90.42067877,0,219.99,102-4W-010802-21L,male,1bn+1,102010802,102-4W-010802-21L,124W01080221L,
102,0108,Top,102-4W-010802,"Top - Cneck sleeveless, long",103-0219-016-1509-4,Silk-cashmere,white,Top,0,L,1,,0,90.42067877,0,219.99,102-4W-010802-06L,male,1bn,102010802,102-4W-010802-06L,124W01080206L,
102,0108,Top,102-4W-010802,"Top - Cneck sleeveless, long",103-0219-016-1511-2,Silk-cashmere,black,Top,0,S,1,,0,90.42067877,0,219.99,102-4W-010802-01S,male,1bn,102010802,102-4W-010802-01S,124W01080201S,
102,0108,Top,102-4W-010802,"Top - Cneck sleeveless, long",103-0219-016-1511-3,Silk-cashmere,black,Top,0,M,1,1,0,90.42067877,0,219.99,102-4W-010802-01M,male,sold-Duulim,102010802,102-4W-010802-01M,124W01080201M,
102,0108,Top,102-4W-010802,"Top - Cneck sleeveless, long",103-0219-016-1511-5,Silk-cashmere,black,Top,0,XL,1,,0,90.42067877,0,219.99,102-4W-010802-01XL,male,1bn,102010802,102-4W-010802-01XL,124W0108021XL,
102,0108,Top,102-4W-010801,"Top-C neck sleeveless, short",103-0221-006-1507-4,Silk-cashmere,gray,Top,0,L,1,,0,75.5824783,0,199.99,102-4W-010801-03L,female,1bn,102010801,102-4W-010801-03L,124W01080103L,
102,0108,Top,102-4W-010801,"Top-C neck sleeveless, short",103-0221-006-1507-5,Silk-cashmere,gray,Top,0,XL,1,,0,75.5824783,0,199.99,102-4W-010801-03XL,female,1,102010801,102-4W-010801-03XL,124W0108013XL,
102,0108,Top,102-4W-010801,"Top-C neck sleeveless, short",103-0221-006-1509-2,Silk-cashmere,white,Top,0,S,1,,0,75.5824783,0,199.99,102-4W-010801-06S,female,1bn,102010801,102-4W-010801-06S,124W01080106S,
102,0108,Top,102-4W-010801,"Top-C neck sleeveless, short",103-0221-006-1511-4,Silk-cashmere,black,Top,0,L,2,1,0,75.5824783,0,199.99,102-4W-010801-01L,female,1bn+1 sold,102010801,102-4W-010801-01L,124W01080101L,
102,0108,Top,102-4W-010801,"Top-C neck sleeveless, short",103-0221-006-3148-3,Silk-cashmere,white,Top,0,M,1,,0,75.5824783,0,199.99,102-4W-010801-06M,female,1bn,102010801,102-4W-010801-06M,124W01080106M,
102,0108,Top,102-4W-010801,"Top-C neck sleeveless, short",103-0221-006-417-3,Silk-cashmere,bej,Top,0,M,2,,0,75.5824783,0,199.99,102-4W-010801-02M,female,1bn+1,102010801,102-4W-010801-02M,124W01080102M,
102,0102,C-neck,102-1W-010212,C-neck tate knit pattern,104-0122-004-151-3,cashmere,green,C-neck,0,M,1,,0,100.5232833,0,229.99,102-1W-010212-09M,female,,102010212,102-1W-010212-09M,121W01021209M,
102,0108,Top,102-4W-010806,Top - C neck tate pattern short sleeve,104-0122-048-5100-4,Cashmere,pink,C-neck,0,L,1,,0,100.5232833,0,199.99,102-4W-010806-15L,female,1bn,102010806,102-4W-010806-15L,124W01080615L,
102,0102,C-neck,102-1W-010213,"C-neck tate knit pattern, shorter front",104-0122-080-755-6,cashmere,white,C-neck,0,XXL,1,,0,119.4656669,0,229.99,102-1W-010213-06XXL,female,,102010213,102-1W-010213-06XXL,121W010213XXL,
102,0108,Top,102-4W-010804,"Top-Cneck cable, longer Back",104-0219-119-1507-4,silk-cashmere,gray,C-neck,0,L,1,1,0,94.20915549,0,219.99,102-4W-010804-03L,female,sold,102010804,102-4W-010804-03L,124W01080403L,
102,0102,C-neck,102-4W-010211,C-neck cable,104-0220-133-1504-4,silk-cashmere,blue,C-neck,0,L,2,,0,110.6258879,0,249.99,102-4W-010211-04L,female,1bn+1,102010211,102-4W-010211-04L,124W01021104L,
102,0102,C-neck,102-4W-010211,C-neck cable,104-0220-133-1505-5,silk-cashmere,blue-dark,C-neck,0,XL,2,,0,110.6258879,0,249.99,102-4W-010211-16XL,female,1bn+1,102010211,102-4W-010211-16XL,124W0102116XL,
102,0102,C-neck,102-4W-010211,C-neck cable,104-0220-133-1511-4,silk-cashmere,black,C-neck,0,L,1,,0,110.6258879,0,249.99,102-4W-010211-01L,female,1bn,102010211,102-4W-010211-01L,124W01021101L,
102,0102,C-neck,102-4W-010211,C-neck cable,104-0220-133-1511-5,silk-cashmere,black,C-neck,0,XL,1,,0,110.6258879,0,249.99,102-4W-010211-01XL,female,1bn,102010211,102-4W-010211-01XL,124W0102111XL,
102,0102,C-neck,102-4W-010211,C-neck cable,104-0220-133-3179-2,silk-cashmere,yellow,C-neck,0,S,1,,0,110.6258879,0,249.99,102-4W-010211-12S,female,1bn,102010211,102-4W-010211-12S,124W01021112S,
102,0108,Top,102-4W-010803,"Top- Cneck cable, short sleeve",104-0221-002-1504-2,silk-cashmere,blue,C-neck,0,S,2,,0,87.89502762,0,219.99,102-4W-010803-04S,female,1bn+1,102010803,102-4W-010803-04S,124W01080304S,
102,0108,Top,102-4W-010803,"Top- Cneck cable, short sleeve",104-0221-002-1505-3,silk-cashmere,blue-dark,C-neck,0,M,2,,0,87.89502762,0,219.99,102-4W-010803-16M,female,1bn+1,102010803,102-4W-010803-16M,124W01080316M,
102,0108,Top,102-4W-010803,"Top- Cneck cable, short sleeve",104-0221-002-1505-4,silk-cashmere,blue-dark,C-neck,0,L,2,,0,87.89502762,0,219.99,102-4W-010803-16L,female,1bn+1,102010803,102-4W-010803-16L,124W01080316L,
102,0108,Top,102-4W-010803,"Top- Cneck cable, short sleeve",104-0221-002-1511-3,silk-cashmere,black,C-neck,0,M,2,,0,87.89502762,0,219.99,102-4W-010803-01M,female,1bn+1,102010803,102-4W-010803-01M,124W01080301M,
102,0108,Top,102-4W-010803,"Top- Cneck cable, short sleeve",104-0221-002-1511-4,silk-cashmere,black,C-neck,0,L,1,,0,87.89502762,0,219.99,102-4W-010803-01L,female,1bn,102010803,102-4W-010803-01L,124W01080301L,
102,0108,Top,102-4W-010803,"Top- Cneck cable, short sleeve",104-0221-002-3179-2,silk-cashmere,yellow,C-neck,0,S,1,,0,87.89502762,0,219.99,102-4W-010803-12S,female,1bn,102010803,102-4W-010803-12S,124W01080312S,
102,0108,Top,102-4W-010803,"Top- Cneck cable, short sleeve",104-0221-002-3179-3,silk-cashmere,yellow,C-neck,0,M,2,,0,87.89502762,0,219.99,102-4W-010803-12M,female,1bn,102010803,102-4W-010803-12M,124W01080312M,
102,0302,Dress,102-4W-030220,Dress-pleated short skirt,104-0221-043-1509-3,Silk-cashmere,white,C-neck,0,M,2,,0,306.9952644,0,659.99,102-4W-030220-06M,female,1bn+1,102030220,102-4W-030220-06M,124W03022006M,
102,0108,Top,102-4W-010805,Top-knit pattern,104-0221-049-3179-2,silk-cashmere,yellow,C-neck,0,S,1,1,0,151.0363062,0,219.99,102-4W-010805-12S,female,Sold,102010805,102-4W-010805-12S,124W01080512S,
102,0106,Hi-neck,102-4W-010606,Hi-neck-simple,106-0221-003-1504-2,silk-cashmere,blue,Hi-neck,0,S,2,,0,121.0441989,0,259.99,102-4U-010605-04S,female,1bn+1,102010605,102-4U-010605-04S,124U01060504S,
102,0106,Hi-neck,102-4W-010606,Hi-neck simple,106-0221-003-1504-3,silk-cashmere,blue,Hi-neck,0,M,1,,0,121.0441989,0,259.99,102-4W-010606-04M,female,1bn,102010606,102-4W-010606-04M,124W01060604M,
102,0106,Hi-neck,102-4W-010606,Hi-neck-simple,106-0221-003-1504-4,silk-cashmere,blue,Hi-neck,0,L,2,,0,121.0441989,0,259.99,102-4U-010605-04L,female,1 bn+1,102010605,102-4U-010605-04L,124U01060504L,
102,0106,Hi-neck,102-4W-010606,Hi-neck simple,106-0221-003-1509-3,silk-cashmere,white,Hi-neck,0,M,1,,0,121.0441989,0,259.99,102-4W-010606-06M,female,1bn,102010606,102-4W-010606-06M,124W01060606M,
102,0106,Hi-neck,102-4W-010606,Hi-neck-simple,106-0221-003-1509-5,silk-cashmere,white,Hi-neck,0,XL,2,,0,121.0441989,0,259.99,102-4U-010605-06XL,female,1bn+1,102010605,102-4U-010605-06XL,124U0106056XL,
102,0106,Hi-neck,102-4W-010606,Hi-neck simple,106-0221-003-1511-2,silk-cashmere,black,Hi-neck,0,S,1,1,0,121.0441989,0,233,102-4W-010606-01S,female,sold,102010606,102-4W-010606-01S,124W01060601S,
102,0106,Hi-neck,102-4W-010606,Hi-neck-simple,106-0221-003-1511-3,silk-cashmere,black,Hi-neck,0,M,2,,0,121.0441989,0,259.99,102-4U-010605-01M,female,1bn+1,102010605,102-4U-010605-01M,124U01060501M,
102,0106,Hi-neck,102-4W-010606,Hi-neck-simple,106-0221-003-1511-4,silk-cashmere,black,Hi-neck,0,L,1,,0,121.0441989,0,259.99,102-4U-010605-01L,female,1bn,102010605,102-4U-010605-01L,124U01060501L,
102,0106,Hi-neck,102-4W-010606,Hi-neck simple,106-0221-003-3114-5,silk-cashmere,Red,Hi-neck,0,XL,1,,0,121.0441989,0,259.99,102-4W-010606-19XL,female,1bn,102010606,102-4W-010606-19XL,124W0106069XL,
102,0106,Hi-neck,102-4W-010606,Hi-neck simple,106-0221-003-3179-2,silk-cashmere,yellow,Hi-neck,0,S,1,,0,121.0441989,0,259.99,102-4W-010606-12S,female,1bn,102010606,102-4W-010606-12S,124W01060612S,
102,0106,Hi-neck,102-4W-010606,Hi-neck simple,106-0221-003-3179-3,silk-cashmere,yellow,Hi-neck,0,M,2,,0,121.0441989,0,259.99,102-4W-010606-12M,female,1bn+1,102010606,102-4W-010606-12M,124W01060612M,
102,0106,Hi-neck,102-4W-010606,Hi-neck simple,106-0221-003-3179-4,silk-cashmere,yellow,Hi-neck,0,L,2,,0,121.0441989,0,259.99,102-4W-010606-12L,female,1bn+1,102010606,102-4W-010606-12L,124W01060612L,
102,0106,Hi-neck,102-4W-010606,Hi-neck simple,106-0221-003-3179-5,silk-cashmere,yellow,Hi-neck,0,XL,1,,0,121.0441989,0,259.99,102-4W-010606-12XL,female,1bn,102010606,102-4W-010606-12XL,124W0106062XL,
102,0106,Hi-neck,102-4W-010606,Hi-neck simple,106-0221-003-408-3,silk-cashmere,pink,Hi-neck,0,M,1,,0,121.0441989,0,259.99,102-4W-010606-15M,female,,102010606,102-4W-010606-15M,124W01060615M,
102,0106,Hi-neck,102-4W-010606,Hi-neck-simple,106-0221-003-409-4,silk-cashmere,white,Hi-neck,0,L,1,,0,121.0441989,0,259.99,102-4U-010605-06L,female,1,102010605,102-4U-010605-06L,124U01060506L,
102,0106,Hi-neck,102-4W-010606,Hi-neck-simple,106-0221-003-55061-3,silk-cashmere,Red,Hi-neck,0,M,2,,0,121.0441989,0,259.99,102-4U-010605-19M,female,1bn+1,102010605,102-4U-010605-19M,124U01060519M,
102,0106,Hi-neck,102-4M-010605,Hi-neck-simple,106-1219-005-1505-3,silk-cashmere,blue-dark,Hi-neck,0,M,1,,0,125.4640884,0,269.99,102-4M-010605-16M,male,1bn,102010605,102-4M-010605-16M,124M01060516M,
102,0106,Hi-neck,102-4M-010605,Hi-neck-simple,106-1219-005-1505-4,silk-cashmere,blue-dark,Hi-neck,0,L,1,,0,125.4640884,0,269.99,102-4U-010605-16L,male,1bn,102010605,102-4U-010605-16L,124U01060516L,
102,0106,Hi-neck,102-4M-010605,Hi-neck-simple,106-1219-005-1505-5,silk-cashmere,blue-dark,Hi-neck,0,XL,2,,0,125.4640884,0,269.99,102-4M-010605-16XL,male,1bn+1,102010605,102-4M-010605-16XL,124M0106056XL,
102,0106,Hi-neck,102-4M-010605,Hi-neck-simple,106-1219-005-1505-6,silk-cashmere,blue-dark,Hi-neck,0,XXL,2,1,0,125.4640884,0,269.99,102-4M-010605-16XXL,male,1bn+1 sold VI/17,102010605,102-4M-010605-16XXL,124M010605XXL,
102,0106,Hi-neck,102-4M-010605,Hi-neck-simple,106-1219-005-1508-3,silk-cashmere,gray-dark,Hi-neck,0,M,2,,0,125.4640884,0,269.99,102-4U-010605-21M,male,1bn+1,102010605,102-4U-010605-21M,124U01060521M,
102,0106,Hi-neck,102-4M-010605,Hi-neck-simple,106-1219-005-1508-5,silk-cashmere,gray-dark,Hi-neck,0,XL,1,,0,125.4640884,0,269.99,102-4M-010605-21XL,male,1bn,102010605,102-4M-010605-21XL,124M0106051XL,
102,0106,Hi-neck,102-4M-010605,Hi-neck-simple,106-1219-005-1508-6,silk-cashmere,gray-dark,Hi-neck,0,XXL,1,,0,125.4640884,0,269.99,102-4U-010605-21XXL,male,1bn,102010605,102-4U-010605-21XXL,124U010605XXL,
102,0106,Hi-neck,102-4M-010605,Hi-neck-simple,106-1219-005-1511-4,silk-cashmere,black,Hi-neck,0,L,2,,0,125.4640884,0,269.99,102-4U-010605-01L,male,1+1,102010605,102-4U-010605-01L,124U01060501L,
102,0106,Hi-neck,102-4M-010605,Hi-neck-simple,106-1219-005-1511-5,silk-cashmere,black,Hi-neck,0,XL,2,,0,125.4640884,0,269.99,102-4U-010605-01XL,male,1bn+1,102010605,102-4U-010605-01XL,124U0106051XL,
102,0106,Hi-neck,102-4M-010605,Hi-neck-simple,106-1219-005-1511-6,silk-cashmere,black,Hi-neck,0,XXL,2,,0,125.4640884,0,269.99,102-4U-010605-01XXL,male,1bn+1,102010605,102-4U-010605-01XXL,124U010605XXL,
102,0106,Hi-neck,102-4M-010605,Hi-neck-simple,106-1219-005-55060-3,silk-cashmere,maroon,Hi-neck,0,M,2,,0,125.4640884,0,269.99,102-4M-010605-17M,male,1bn+1,102010605,102-4M-010605-17M,124M01060517M,
102,0302,dress,102-4W-030217,dress-pleated skirt,108-0221-113-1511-2,silk-cashmere,black,Dress,0,S,2,,0,416.2296764,0,759.99,102-4W-030217-01S,female,1bn+1,102030217,102-4W-030217-01S,124W03021701S,
102,0302,dress,102-4W-030217,dress-pleated skirt,108-0221-113-1511-3,silk-cashmere,black,Dress,0,M,1,,0,416.2296764,0,759.99,102-4W-030217-01M,female,1bn,102030217,102-4W-030217-01M,124W03021701M,
102,0302,dress,102-4W-030217,dress-pleated skirt,108-0221-113-55061-3,silk-cashmere,Red,Dress,0,M,2,,0,416.2296764,0,759.99,102-4W-030217-19M,female,1bn+1,102030217,102-4W-030217-19M,124W03021719M,
102,0109,hoodie,102-4U-010901,hoodie-stripe,112-0220-009-1508/1507/1509-4,silk-cashmere,gray-dark,Cardigan with hood,0,XXL,1,,0,151.0363062,0,319.99,102-4U-010901-21XXL,unisex,1bn,102010901,102-4U-010901-21XXL,124U010901XXL,
102,0109,hoodie,102-4U-010901,hoodie-stripe,112-0220-009-1511/1508/1507-4,silk-cashmere,black,Cardigan with hood,0,XXL,1,1,0,151.0363062,0,319.99,102-4U-010901-01XXL,unisex,1 sold,102010901,102-4U-010901-01XXL,124U010901XXL,
0,,,,,,,,,0,,0,,0,0,0,0,,,bn,,,00,
0,,,,,103-1119-003,,,,0,,0,,0,0,0,0,,,,,,00,
101,0108,Top,101-1M-010808,Top-Vneck,103-1119-003,Cashmere,maroon,top,0,S,1,,0,87,0,169,101-1M-010808-17S,male,,101010808,101-1M-010808-17S,111M01080817S,
101,0108,Top,101-1M-010808,Top-Vneck,103-1119-003,Cashmere,maroon,Top,0,M,1,1,0,87,0,169,101-1M-010808-17M,male,sold,101010808,101-1M-010808-17M,111M01080817M,
101,0108,Top,101-1M-010808,Top-Vneck,103-1119-003,Cashmere,bej-brown,Top,0,S,1,,0,86.3056,0,169,101-1M-010808-07S,male,,101010808,101-1M-010808-07S,111M01080807S,
101,0401,Hat,101-1U-040119,Hat-ninja,110-0121-039,Cashmere,gray,hat,0,F,3,,0,32.65,0,79,101-1U-040119-03F,unisex,3,101040119,101-1U-040119-03F,111U04011903F,
101,0108,Top,101-1W-010809,Top-Dahila,,Cashmere,bej,,0,M,1,,0,115,9,349.99,101-1W-010809-02M,female,printed,101010809,101-1W-010809-02M,111W01080902M,
101,0108,Top,101-1W-010809,Top-Dahila,,Cashmere,gray-dark,,0,M,1,,0,115,0,349.99,101-1W-010809-21M,female,printed,101010809,101-1W-010809-21M,111W01080921M,
101,0302,Dress,101-1W-030219,Dress-Hoodies Marble stone,,Cashmere,black,,0,M,1,,0,171,0,459.99,101-1W-030219-01M,female,$600 web,101030219,101-1W-030219-01M,111W03021901M,
101,0306,Poncho,101-1W-030607,Poncho-petals,,Cashmere,black,,0,F,1,,0,105,0,329.99,101-1W-030607-01F,female,,101030607,101-1W-030607-01F,111W03060701F,
101,0306,Poncho,101-1W-030607,Poncho-petals,,Cashmere,bej-brown,,0,F,1,1,0,105,0,329.99,101-1W-030607-07F,female,sold-duulim,101030607,101-1W-030607-07F,111W03060707F,
101,0101,Cardigan,101-1W-010110,Cardigan-wings up,,Cashmere,black,,0,M,1,,0,115,0,359.99,101-1W-010110-01M,female,,101010110,101-1W-010110-01M,111W01011001M,
101,0101,Cardigan,101-1W-010110,Cardigan-wings up,,Cashmere,bej,,0,M,1,1,0,115,0,340,101-1W-010110-02M,female,sold,101010110,101-1W-010110-02M,111W01011002M,
101,0108,Top,101-1W-010810,Top-wings up,,Cashmere,bej,,0,M,1,,0,39,0,125.99,101-1W-010810-02M,female,printed,101010810,101-1W-010810-02M,111W01081002M,
101,0108,Top,101-1W-010810,Top-wings up,,Cashmere,white,,0,M,1,,0,39,0,125.99,101-1W-010810-06M,female,printed,101010810,101-1W-010810-06M,111W01081006M,
101,0108,Top,101-1W-010810,Top-wings up,,Cashmere,black,,0,M,1,1,0,39,0,125.99,101-1W-010810-01M,female,sold,101010810,101-1W-010810-01M,111W01081001M,
101,0202,Skirts,101-1W-020206,Skirts-wings up,,Cashmere,black,,0,M,1,1,0,76,0,239.99,101-1W-020206-01M,female,sold,101020206,101-1W-020206-01M,111W02020601M,
101,0202,Skirts,101-1W-020206,Skirts-wings up,,Cashmere,white,,0,M,1,,0,76,0,239.99,101-1W-020206-06M,female,$250 web,101020206,101-1W-020206-06M,111W02020606M,
101,0202,Skirts,101-1W-020206,Skirts-wings up,,Cashmere,bej,,0,M,1,,0,76,0,239.99,101-1W-020206-02M,female,$250 web,101020206,101-1W-020206-02M,111W02020602M,
101,0301,Coat,101-1W-030106,Coat-wings up,,Cashmere,pink,,0,L,1,,0,482,0,1454.99,101-1W-030106-15L,female,,101030106,101-1W-030106-15L,111W03010615L,
101,0301,Coat,101-1W-030106,Coat-wings up,,Cashmere,blue,,0,L,1,,0,482,0,1454.99,101-1W-030106-04L,female,,101030106,101-1W-030106-04L,111W03010604L,
101,0301,Coat,101-1W-030106,Coat-wings up,,Cashmere,gray,,0,M,1,,0,482,0,1454.99,101-1W-030106-03M,female,,101030106,101-1W-030106-03M,111W03010603M,
101,0110,Shirt,101-1W-011001,Shirt-Chess ratio,,Cashmere,black,,0,F,1,,0,315,0,429.99,101-1W-011001-01F,female,779 web,101011001,101-1W-011001-01F,111W01100101F,
101,0110,Shirt,101-1W-011001,Shirt-Chess ratio,,Cashmere,bej,,0,F,1,,0,315,0,429.99,101-1W-011001-02F,female,779 web,101011001,101-1W-011001-02F,111W01100102F,
101,0110,Shirt,101-1W-011001,Shirt-Chess ratio,,Cashmere,bej-brown,,0,F,1,,0,315,0,429.99,101-1W-011001-07F,female,779 web,101011001,101-1W-011001-07F,111W01100107F,
101,0110,Shirt,101-1W-011001,Shirt-Chess ratio,,Cashmere,pink,,0,F,1,,0,315,0,429.99,101-1W-011001-15F,female,779 web,101011001,101-1W-011001-15F,111W01100115F,
101,0110,Shirt,101-1W-011001,Shirt-Chess ratio,,Cashmere,blue,,0,F,1,,0,315,0,429.99,101-1W-011001-04F,female,779 web,101011001,101-1W-011001-04F,111W01100104F,
101,0110,Shirt,101-1W-011001,Shirt-Chess ratio,,Cashmere,brown,,0,F,1,,0,315,0,429.99,101-1W-011001-05F,female,,101011001,101-1W-011001-05F,111W01100105F,
101,0110,Shirt,101-1W-01102,Shirt-royal family,,Cashmere,black,,0,M,1,,0,150,0,299.99,101-1W-01102-01M,female,printed,101-01102,101-1W-01102-01M,111W01102-01M,
101,0110,Shirt,101-1W-01102,Shirt-royal family,,Cashmere,brown,,0,M,1,1,0,150,0,150,101-1W-01102-05M,female,Kristin Booth,101-01102,101-1W-01102-05M,111W01102-05M,
101,0110,Shirt,101-1W-01102,Shirt-royal family,,Cashmere,purple light,,0,M,1,,0,150,0,299.99,101-1W-01102-24M,female,printed,101-01102,101-1W-01102-24M,111W01102-24M,
101,0201,Pants,101-1U-020117,Pants-chess ratio,,Cashmere,black,,0,M,1,,0,142,0,359.99,101-1U-020117-01M,unisex,,101020117,101-1U-020117-01M,111U02011701M,
101,0110,Shirt,101-1M-011003,Shirt-focus man,,Cashmere,purple light,,0,L,1,,0,196,0,349.99,101-1M-011003-24L,male,550 web,101011003,101-1M-011003-24L,111M01100324L,
101,0110,Shirt,101-1W-011003,Shirt-focus woman,,Cashmere,purple light,,0,M,1,,0,186,0,349.99,101-1W-011003-24M,female,550 web,101011003,101-1W-011003-24M,111W01100324M,
101,0108,Top,101-1W-010811,Top-Queenie,,Cashmere,black,,0,L,1,,0,114,0,349.99,101-1W-010811-01L,female,450 Web,101010811,101-1W-010811-01L,111W01081101L,
101,0108,Top,101-1W-010811,Top-Queenie,,Cashmere,bej,,0,M,1,,0,114,0,349.99,101-1W-010811-02M,female,450 Web,101010811,101-1W-010811-02M,111W01081102M,
101,0201,Pants,101-1U-020118,Pants-Queenie,,Cashmere,bej,,0,M,1,,0,116,0,359.99,101-1U-020118-02M,unisex,,101020118,101-1U-020118-02M,111U02011802M,
101,0201,Pants,101-1U-020118,Pants-Queenie,,Cashmere,black,,0,L,1,,0,116,0,359.99,101-1U-020118-01L,unisex,360 web,101020118,101-1U-020118-01L,111U02011801L,
101,0201,Pants,101-1U-020119,Pants-Simple perfect,,Cashmere,black,,0,F,1,,0,160,0,359.99,101-1U-020119-01F,unisex,450 web,101020119,101-1U-020119-01F,111U02011901F,
101,0201,Pants,101-1U-020119,Pants-Simple perfect,,Cashmere,bej,,0,F,1,,0,160,0,359.99,101-1U-020119-02F,unisex,450 web,101020119,101-1U-020119-02F,111U02011902F,
101,0201,Pants,101-1U-020119,Pants-Simple perfect,,Cashmere,brown,,0,F,1,,0,160,0,359.99,101-1U-020119-05F,unisex,450 web,101020119,101-1U-020119-05F,111U02011905F,
101,0404,Scarf,101-1W-040419,Scarf-chess ratio,,Cashmere,brown,,0,F,1,1,0,68,0,175,101-1W-040419-05F,female,sold,101040419,101-1W-040419-05F,111W04041905F,
101,0404,Scarf,101-1W-040419,Scarf-chess ratio,,Cashmere,blue,,0,F,1,,0,68,0,175,101-1W-040419-04F,female,,101040419,101-1W-040419-04F,111W04041904F,
101,0404,Scarf,101-1W-040419,Scarf-chess ratio,,Cashmere,Red,,0,F,1,1,0,68,0,175,101-1W-040419-19F,female,sold,101040419,101-1W-040419-19F,111W04041919F,
101,0404,Scarf,101-1W-040419,Scarf-chess ratio,,Cashmere,pink,,0,F,1,,0,68,0,175,101-1W-040419-15F,female,,101040419,101-1W-040419-15F,111W04041915F,
101,0404,Scarf,101-1W-040420,Scarf-chess ratio,,Cashmere,bej,,0,F,1,1,0,289,0,479,101-1W-040420-02F,female,sold,101040420,101-1W-040420-02F,111W04042002F,
101,0404,Scarf,101-1W-040420,Scarf-chess ratio,,Cashmere,purple light,,0,F,1,,0,289,0,479,101-1W-040420-24F,female,,101040420,101-1W-040420-24F,111W04042024F,
101,0401,Hat,101-1U-040123,Hat-hoodies,,Cashmere,black,,0,F,1,,0,52,0,164.99,101-1U-040123-01F,unisex,,101040123,101-1U-040123-01F,111U04012301F,
101,0401,Hat,101-1U-040124,Hat-bear,,Cashmere,brown,,0,F,1,,0,47,0,149.99,101-1U-040124-05F,unisex,,101040124,101-1U-040124-05F,111U04012405F,
101,0404,Scarf,101-1W-040421,Scarf-Ajura 170x60,,Cashmere,brown,,0,F,1,1,0,54,0,150,101-1W-040421-05F,female,sold,101040421,101-1W-040421-05F,111W04042105F,
101,0404,Scarf,101-1W-040422,Scarf-Ajura 115x40,,Cashmere,white,,0,F,1,1,0,39,0,125,101-1W-040422-06F,female,sold,101040422,101-1W-040422-06F,111W04042206F,
101,0404,Scarf,101-1W-040423,Scarf-Ajura 160x30,,Cashmere,white,,0,F,4,2,0,32,0,99,101-1W-040423-06F,female,sold+VIII/13;,101040423,101-1W-040423-06F,111W04042306F,
101,0102,C-neck,101-1W-010214,C-neck-gold,,Cashmere,black,,0,M,1,,0,77,0,229.99,101-1W-010214-01M,female,printed,101010214,101-1W-010214-01M,111W01021401M,
101,0102,C-neck,101-1W-010214,C-neck-gold,,Cashmere,black,,0,M,2,1,0,109,0,229.99,101-1W-010214-01M,female,1 sold VI/16;,101010214,101-1W-010214-01M,111W01021401M,
101,0402,Cloves,102-1W-040205,Cloves-fingerless long,,Cashmere,Black-gray,,0,F,6,6,0,10,0,38.99,102-1W-040205-25F,female,5+1 dagii,101040205,102-1W-040205-25F,111W04020525F,
101,0402,Cloves,102-1W-040205,Cloves-fingerless long,,Cashmere,blue,,0,F,10,8,0,10,0,38.99,102-1W-040205-04F,female,,101040205,102-1W-040205-04F,111W04020504F,
101,0402,Cloves,102-1W-040205,Cloves-fingerless long,,Cashmere,brown,,0,F,10,,0,10,0,38.99,102-1W-040205-05F,female,,101040205,102-1W-040205-05F,111W04020505F,
101,0402,Cloves,102-1W-040205,Cloves-fingerless long,,Cashmere,black,,0,F,10,10,0,10,0,38.99,102-1W-040205-01F,female,1-VI/25,101040205,102-1W-040205-01F,111W04020501F,
101,0402,Cloves,102-1W-040205,Cloves-fingerless long,,Cashmere,Red,,0,F,2,2,0,10,0,38.99,102-1W-040205-19F,female,,101040205,102-1W-040205-19F,111W04020519F,
101,0402,Cloves,102-1W-040205,Cloves-fingerless long,,Cashmere,pink,,0,F,2,1,0,10,0,38.99,102-1W-040205-15F,female,sold,101040205,102-1W-040205-15F,111W04020515F,
101,0402,Cloves,102-1W-040205,Cloves-fingerless long,,Cashmere,blue-dark,,0,F,2,2,0,10,0,38.99,102-1W-040205-16F,female,,101040205,102-1W-040205-16F,111W04020516F,
101,0402,Cloves,102-1W-040205,Cloves-fingerless long,,Cashmere,bej-brown,,0,F,8,8,0,10,0,38.99,102-1W-040205-07F,female,7+Ganaa bileg; 2-VI/25,101040205,102-1W-040205-07F,111W04020507F,
101,0402,Cloves,102-1W-040205,Cloves-fingerless long,,Cashmere,gray,,0,F,7,7,0,10,0,38.99,102-1W-040205-03F,female,,101040205,102-1W-040205-03F,111W04020503F,
101,0402,Cloves,102-1W-040205,Cloves-fingerless long,,Cashmere,green,,0,F,6,3,0,10,0,38.99,102-1W-040205-09F,female,,101040205,102-1W-040205-09F,111W04020509F,
101,0402,Cloves,102-1W-040205,Cloves-fingerless long,,Cashmere,maroon,,0,F,2,2,0,10,0,38.99,102-1W-040205-17F,female,,101040205,102-1W-040205-17F,111W04020517F,
101,0402,Cloves,102-1W-040205,Cloves-fingerless long,,Cashmere,purple light,,0,F,5,5,0,10,0,38.99,102-1W-040205-24F,female,1-VI/25,101040205,102-1W-040205-24F,111W04020524F,
101,0601,Textile,101-1U-060101,Textile-gold,,Cashmere,bej,,0,F,5,1,0,26,0,99.99,101-1U-060101-02F,unisex,sold,101060101,101-1U-060101-02F,111U06010102F,
101,0601,Textile,101-1U-060101,Textile-gold,,Cashmere,brown,,0,F,5,2,0,26,0,99.99,101-1U-060101-05F,unisex,2,101060101,101-1U-060101-05F,111U06010105F,
101,0601,Textile,101-1U-060101,Textile-gold,,Cashmere,black,,0,F,10,2,0,26,0,99.99,101-1U-060101-01F,unisex,1-diamond+1 VI/25,101060101,101-1U-060101-01F,111U06010101F,
102,0108,Top,102-1W-010807,Top-Tneck,,Cashmere,blue,,0,M,0,0,0,0,0,0,102-1W-010807-04M,female,,102010807,,,
102,0108,Top,102-1W-010807,Top-Tneck,103-0121-061,Cashmere,blue,Moli,150,M,1,0,0,69,0,169,102-1W-010807-04M,female,,102010807,,,Moli
102,0102,C-neck,102-1U-010205,C-neck-simple,104-1119-090,Cashmere,Black-gray,Moli,235,M,3,0,0,124,0,279,102-1U-010205-25M,unisex,jay -1bgaa,102010205,,,Moli
102,0102,C-neck,102-1U-010205,C-neck-simple,104-1119-090,Cashmere,Black-gray,Moli,235,L,3,0,0,124,0,279,102-1U-010205-25L,unisex,,102010205,,,Moli
102,0102,C-neck,102-1U-010205,C-neck-simple,104-1119-090,Cashmere,Black-gray,Moli,235,S,2,0,0,124,0,279,102-1U-010205-25S,unisex,,102010205,,,Moli
102,0102,C-neck,102-1U-010205,C-neck-simple,104-1119-090,Cashmere,black,Moli,270,L,3,0,0,124,0,279,102-1U-010205-01L,unisex,,102010205,,,Moli
102,0102,C-neck,102-1U-010205,C-neck-simple,104-1119-090,Cashmere,black,Moli,270,M,1,0,0,124,0,279,102-1U-010205-01M,unisex,,102010205,,,Moli
102,0102,C-neck,102-1U-010205,C-neck-simple,104-1119-090,Cashmere,black,Moli,270,S,1,0,0,124,0,279,102-1U-010205-01S,unisex,,102010205,,,Moli
102,0102,C-neck,102-1U-010205,C-neck-simple,104-1119-090,Cashmere,blue,Moli,270,L,1,0,0,124,0,279,102-1U-010205-04L,unisex,,102010205,,,Moli
102,0102,C-neck,102-1W-010216,C-neck-Dolman Sleeve,104-0121-199,Cashmere,brown,Moli,235,S,1,0,0,108,0,239,102-1W-010216-05S,female,,102010216,,,Moli
102,0102,C-neck,102-1W-010216,C-neck-Dolman Sleeve,104-0121-199,Cashmere,brown,Moli,235,M,2,0,0,108,0,239,102-1W-010216-05M,female,,102010216,,,Moli
102,0102,C-neck,102-1W-010216,C-neck-Dolman Sleeve,104-0121-199,Cashmere,brown,Moli,235,L,1,0,0,108,0,239,102-1W-010216-05L,female,,102010216,,,Moli
102,0102,C-neck,102-1W-010216,C-neck-Dolman Sleeve,104-0121-199,Cashmere,gray,Moli,235,L,1,0,0,108,0,239,102-1W-010216-03L,female,,102010216,,,Moli
102,0102,C-neck,102-1W-010216,C-neck-Dolman Sleeve,104-0121-199,Cashmere,gray,Moli,235,M,1,0,0,108,0,239,102-1W-010216-03M,female,,102010216,,,Moli
102,0102,C-neck,102-1W-010216,C-neck-Dolman Sleeve,104-0121-199,Cashmere,gray,Moli,235,S,1,0,0,108,0,239,102-1W-010216-03S,female,,102010216,,,Moli
102,0102,C-neck,102-1W-010216,C-neck-Dolman Sleeve,104-0121-199,Cashmere,beige,Moli,1,S,1,0,0,108,0,239,102-1W-010216-02S,female,,102010216,,,Moli
102,0102,C-neck,102-1W-010216,C-neck-Dolman Sleeve,104-0121-199,Cashmere,beige,Moli,235,M,1,0,0,108,0,239,102-1W-010216-02M,female,,102010216,,,Moli
102,0102,C-neck,102-1W-010216,C-neck-Dolman Sleeve,104-0121-199,Cashmere,beige,Moli,235,L,1,0,0,108,0,239,102-1W-010216-02L,female,,102010216,,,Moli
102,0109,Hoodie,102-1W-010902,Cardigan with Hoodie,112-0121-053,Cashmere,beige,Moli,350,M,2,0,0,180.005,0,359,102-1W-010902-02M,female,,102010902,,,Moli
102,0109,Hoodie,102-1W-010902,Cardigan with Hoodie,112-0121-053,Cashmere,white,Moli,350,M,2,0,0,180.005,0,359,102-1W-010902-06M,female,jay-Sisi-1 avsan,102010902,,,Moli
102,0106,Hi-neck,102-1W-010607,Hi-neck with finger slit,106-0121-065,Cashmere,blue gray,Moli,250,M,1,0,0,128.5,0,282.99,102-1W-010607-26M,female,,102010607,,,Moli
102,0106,Hi-neck,102-1W-010607,Hi-neck with finger slit,106-0121-065,Cashmere,beige,Moli,250,M,2,0,0,128.5,0,282.99,102-1W-010607-02M,female,,102010607,,,Moli
102,0106,Hi-neck,102-1W-010607,Hi-neck with finger slit,106-0121-065,Cashmere,beige,Moli,250,L,1,0,0,128.5,0,282.99,102-1W-010607-02L,female,,102010607,,,Moli
102,0107,V-neck,102-1U-010701,V-neck-simple,107-0120-001,Cashmere,blue,Moli,180,S,1,0,0,91.045,0,229,102-1U-010701-04S,unisex,,102010701,,,Moli
102,0107,V-neck,102-1U-010701,V-neck-simple,107-0120-001,Cashmere,blue,Moli,180,M,1,0,0,91.045,0,229,102-1U-010701-04M,unisex,,102010701,,,Moli
102,0107,V-neck,102-1U-010701,V-neck-simple,107-0120-001,Cashmere,blue,Moli,180,L,1,0,0,91.045,0,229,102-1U-010701-04L,unisex,,102010701,,,Moli
102,0107,V-neck,102-1U-010701,V-neck-simple,107-0120-001,Cashmere,navy,Moli,180,L,1,0,0,91.045,0,229,102-1U-010701-27L,unisex,,102010701,,,Moli
102,0107,V-neck,102-1U-010701,V-neck-simple,107-0120-001,Cashmere,Red,Moli,180,L,1,0,0,91.045,0,229,102-1U-010701-19L,unisex,,102010701,,,Moli
102,0107,V-neck,102-1U-010701,V-neck-simple,107-0120-001,Cashmere,Red,Moli,180,M,1,0,0,91.045,0,229,102-1U-010701-19M,unisex,,102010701,,,Moli
102,0107,V-neck,102-1U-010701,V-neck-simple,107-0120-001,Cashmere,Red,Moli,180,S,1,0,0,91.045,0,229,102-1U-010701-19S,unisex,,102010701,,,Moli
102,0109,Hoodie,102-1U-010903,Hoodie-7g,112-11-21-054,Cashmere,blue gray,Moli,505,L,2,0,0,259.7215,10,399,102-1U-010903-26L,unisex,,102010903,,,Moli
102,0109,Hoodie,102-1U-010903,Hoodie-7g,112-11-21-054,Cashmere,blue gray,Moli,505,M,1,0,0,259.7215,10,399,102-1U-010903-26M,unisex,,102010903,,,Moli
102,0109,Hoodie,102-1U-010903,Hoodie-7g,112-11-21-054,Cashmere,blue gray,Moli,505,S,1,0,0,259.7215,10,399,102-1U-010903-26S,unisex,,102010903,,,Moli
102,0109,Hoodie,102-1U-010903,Hoodie-7g,112-11-21-054,Cashmere,blue,Moli,505,L,2,0,0,259.7215,0,399,102-1U-010903-04L,unisex,,102010903,,,Moli
102,0301,Coat,102-1W-030107,Coat- side pocket,113-0121-106,Cashmere,blue,Moli,615,M,1,0,0,316.2945,10,639,102-1W-030107-04M,female,,102030107,,,Moli
102,0301,Coat,102-1W-030107,Coat- side pocket,113-0121-106,Cashmere,beige,Moli,615,F,2,0,0,316.2945,0,639,102-1W-030107-02F,female,,102030107,,,Moli
102,0301,Coat,102-1W-030107,Coat- side pocket,113-0121-106,Cashmere,gray,Moli,615,F,2,0,0,316.2945,0,639,102-1W-030107-03F,female,,102030107,,,Moli
102,0201,Pants,102-1W-020120,Pants-front strip,115-0121-187,Cashmere,beige,Moli,255,M,2,0,0,131.1604,10,289,102-1W-020120-02M,female,,102020120,,,Moli
102,0201,Pants,102-1W-020120,Pants-front strip,115-0121-187,Cashmere,blue,Moli,255,M,1,0,0,131.1604,0,289,102-1W-020120-04M,female,,102020120,,,Moli
102,0201,Pants,102-1M-020121,Pants-sport style,115-1121-208,Cashmere,gray,Moli,415,L,2,0,0,213.4,0,369,102-1M-020121-04L,male,,102020121,,,Moli
102,0201,Pants,102-1W-020122,"Pants- high waist, straight leg",115-0121-192,Cashmere,bej-brown,Moli,395,M,2,0,0,203.1485,0,349,102-1W-020122-07M,female,,102020122,,,Moli
102,0201,Pants,102-1W-020122,"Pants- high waist, straight leg",115-0121-192,Cashmere,bej-brown,Moli,395,L,1,0,0,203.1485,0,349,102-1W-020122-07L,female,,102020122,,,Moli
102,0201,Pants,102-1W-020122,"Pants- high waist, straight leg",115-0121-192,Cashmere,beige,Moli,395,L,1,0,0,203.1485,0,349,102-1W-020122-02L,female,,102020122,,,Moli
102,0201,Pants,102-1W-020122,"Pants- high waist, straight leg",115-0121-192,Cashmere,beige,Moli,395,M,2,0,0,203.1485,0,349,102-1W-020122-02L,female,,102020122,,,Moli
102,0201,Pants,102-1W-020123,"Pants- belt, straight leg",115-0121-188,Cashmere,gray,Moli,380,M,3,0,0,203.774,0,349,102-1W-020123-03M,female,,102020123,,,Moli
102,0201,Pants,102-1W-020123,"Pants- belt, straight leg",115-0121-188,Cashmere,gray,Moli,380,S,1,0,0,203.774,0,349,102-1W-020123-03S,female,,102020123,,,Moli
102,0201,Pants,102-1W-020124,Pants -sport style -12g,115-0121-207,Cashmere,beige,Moli,250,M,2,0,0,128.575,0,289,102-1W-020124-02M,female,,102020124,,,Moli
102,0201,Pants,102-1W-020124,Pants -sport style -12g,115-0121-207,Cashmere,beige,Moli,250,L,1,0,0,128.575,0,289,102-1W-020124-02L,female,,102020124,,,Moli
102,0201,Pants,102-1W-020124,Pants -sport style -12g,115-0121-207,Cashmere,beige,Moli,250,S,1,0,0,128.575,0,289,102-1W-020124-02S,female,,102020124,,,Moli
102,0201,Pants,102-1W-020124,Pants -sport style -12g,115-1121-186,Cashmere,bej-brown,Moli,260,L,1,0,0,133.7,0,289,102-1W-020124-07L,female,,102020124,,,Moli
102,0201,Pants,102-1W-020123,"Pants- belt, straight leg",115-0121-211,Cashmere,blue,Moli,345,M,1,0,0,177.4335,0,349,102-1W-020123-04M,female,,102020123,,,Moli
102,0201,Pants,102-1M-020121,Pants-sport style,115-1121-208,Cashmere,gray,Moli,415,M,2,0,0,213.4345,0,369,102-1M-020121-04M,male,,102020121,,,Moli
102,0201,Pants,102-1M-020121,Pants-sport style,115-1121-208,Cashmere,gray,Moli,415,S,1,0,0,213.4345,0,369,102-1M-020121-04S,male,,102020121,,,Moli
102,0201,Pants,102-1M-020121,Pants-sport style,115-1121-208,Cashmere,blue,Moli,415,L,2,0,0,213.4345,0,369,102-1M-020121-04L,male,,102020121,,,Moli
102,0403,Socks,101-1U-040304,socks,118-011-039,Cashmere,beige,Moli,70,F,10,0,0,32.109,0,59,101-1U-040304-02F,unisex,,102040304,,,Moli
102,0403,Socks,101-1U-040304,socks,118-011-039,Cashmere,blue gray,Moli,70,F,9,0,0,32.109,0,59,101-1U-040304-26F,unisex,,102040304,,,Moli
102,,,,,,,,Accesorry--Pin,0,,38,0,0,5,0,,,,,,,,Calgary
102,,,,,,,,Cardigan--Burgundy,0,,1,0,0,116.5,0,,,,,,,,Calgary
102,,,,,,,,Cardigan--White,0,,1,0,0,183.5,0,375,,,sold VIII/2,,,,Calgary
102,,,,,,,,Cardigan--Light plum,0,,1,0,0,128,0,,,,,,,,Calgary
102,,,,,,,,Cardigan--Burgundy,0,,1,0,0,146.5,0,,,,,,,,Calgary
102,,,,,,,,Galoshes--Brown,0,,1,0,0,11,0,,,,,,,,Calgary
102,,,,,,,,Gloves--Pink,0,,1,0,0,13.5,0,25,,,sold,,,,Calgary
102,,,,,,,,Gloves--Brown,0,,1,0,0,15.5,0,,,,,,,,Calgary
102,,,,,,,,Gloves--Grey,0,,1,0,0,15.5,0,,,,,,,,Calgary
102,,,,,,,,Gloves--Navy,0,,1,0,0,15.5,0,,,,,,,,Calgary
102,,,,,,,,Hat--Red,0,,1,0,0,18.5,0,49,,,,,,,Calgary
102,,,,,,,,Hat--Kitty ears-grey,0,,1,0,0,18.5,0,49,,,,,,,Calgary
102,,,,,,,,Hat--Kitty ears-navy,0,,2,0,0,18.5,0,49,,,,,,,Calgary
102,,,,,,,,Hat--Kitten ears,0,,2,0,0,18.5,0,49,,,,,,,Calgary
102,,,,,,,,Hat--Red with beige rim,0,,1,0,0,19,0,49,,,,,,,Calgary
102,,,,,,,,Hat--Red,0,,1,0,0,19,0,49,,,,,,,Calgary
102,,,,,,,,Hat--Bonbon-Red with snow pattern,0,,1,0,0,22.5,0,59,,,,,,,Calgary
102,,,,,,,,Hat--Xmas pattern,0,,4,0,0,22.5,0,59,,,,,,,Calgary
102,,,,,,,,Hat--Yellow with bonbon,0,,1,0,0,23,0,59,,,the same Gold,,,,Calgary
102,,,,,,,,Hat--Bonbon-blue,0,,1,0,0,23.5,0,59,,,,,,,Calgary
102,,,,,,,,Hat--Metallic thread-Beige,0,,1,0,0,25,0,69,,,,,,,Calgary
102,,,,,,,,Hat--White,0,,1,0,0,25.5,0,69,,,,,,,Calgary
102,,,,,,,,Hat--Burgundy red,0,,1,0,0,26.5,0,69,,,,,,,Calgary
102,,,,,,,,Hat--Beige and Brown vertical lines,0,,1,0,0,27,0,69,,,,,,,Calgary
102,,,,,,,,Hat--Metallic thread,0,,1,0,0,27.5,0,69,,,,,,,Calgary
102,,,,,,,,Hat--Bonbon-red with hearts,0,,2,0,0,27.5,0,69,,,,,,,Calgary
102,,,,,,,,Hat--Bonbon-red,0,,1,0,0,28,0,69,,,,,,,Calgary
102,,,,,,,,Hat--Beige,0,,1,0,0,28,0,69,,,,,,,Calgary
102,,,,,,,,Headband--White,0,,1,0,0,20,0,,,,,,,,Calgary
102,,,,,,,,Headband--Beige,0,,1,0,0,20,0,,,,,,,,Calgary
102,,,,,,,,Headband--Knotted-Beige,0,,1,0,0,18.5,0,,,,,,,,Calgary
102,,,,,,,,Headband--Knotted-Black,0,,2,0,0,19.5,0,,,,,,,,Calgary
102,,,,,,,,Headband--Metallic thread-white,0,,1,0,0,16,0,,,,,,,,Calgary
102,,,,,,,,Mittens--Xmas design,0,,3,0,0,31,0,,,,,,,,Calgary
102,,,,,,,,Scarf--Metallic thread-Beige,0,,1,0,0,71.5,0,,,,,,,,Calgary
102,,,,,,,,Scarf--Sky blue,0,,1,0,0,39.5,0,,,,,,,,Calgary
102,,,,,,,,Scarf--Red with snow pattern,0,,1,0,0,63.5,0,,,,,,,,Calgary
102,,,,,,,,Scarf--Orange red,0,,1,0,0,45,0,,,,,,,,Calgary
102,,,,,,,,Scarf--Yellow,0,,1,0,0,39.5,0,,,,,,,,Calgary
102,,,,,,,,Scarf--Neck warmer-Metallic thread navy,0,,1,0,0,56,0,,,,,,,,Calgary
102,,,,,,,,Scarf---Metallic thread-White,0,,1,0,0,71.5,0,,,,,,,,Calgary
102,,,,,,,,Shawl--Patterned-Red/brown,0,,1,0,0,144.5,0,,,,,,,,Calgary
102,,,,,,,,Shawl--Beige,0,,1,0,0,144.5,0,260,,,sold VIII/2,,,,Calgary
102,,,,,,,,Shawl--Beige brown,0,,1,0,0,73,0,,,,,,,,Calgary
102,,,,,,,,Top--C-neck-White,0,,2,0,0,142.5,0,,,,,,,,Calgary
102,,,,,,,,Top--Hi-neck,0,,1,0,0,156,0,,,,,,,,Calgary
102,,,,,,,,Top--Polo-Black,0,,1,0,0,133,0,,,,,,,,Calgary
102,,,,,,,,Top--V-neck-beige brown,0,,1,0,0,111,0,,,,,,,,Calgary
102,,,,,,,,Top--Polo-grey,0,,1,0,0,130.5,0,,,,,,,,Calgary
102,,,,,,,,Top--C-neck-Red with snow pattern,0,,1,0,0,77.5,0,,,,,,,,Calgary
102,,,,,,,,Top--V-neck-Burgundy,0,,1,0,0,84.5,0,,,,,,,,Calgary
102,,,,,,,,Top--Vest-blue,0,,1,0,0,103.5,0,207,,,sold,,,,Calgary
102,,,,,,,,Top--T-neck-navy,0,,1,0,0,106,0,,,,,,,,Calgary
102,,,,,,,,Top--Cardigan-red,0,,1,0,0,142.5,0,,,,,,,,Calgary
102,,,,,,,,Mitten--Xmas pattern,0,,7,0,0,31,0,,,,,,,,Calgary
102,,,,,,,,Scarf--Brown beige,0,,1,0,0,40.5,0,,,,,,,,Calgary
102,,,,,,,,Scarf--Grey,0,,2,0,0,39.5,0,,,,,,,,Calgary
102,,,,,,,,Scarf--Red with snow,0,,1,0,0,63.5,0,,,,,,,,Calgary
102,,,,,,,,Shawl--Red border,0,,3,0,0,144.5,0,,,,,,,,Calgary
102,,,,,,,,Galoshes--Brown,0,,7,0,0,11,0,,,,,,,,Calgary
102,,,,,,,,Shawl--Beige,0,,1,0,0,73,0,,,,,,,,Calgary
102,,,,,,,,Shawl--Grey,0,,1,0,0,73,0,,,,,,,,Calgary
102,,,,,,,,Kist--Black,0,,1,0,0,19.5,0,,,,,,,,Calgary
102,,,,,,,,Hat--Grey with bonbon & ear,0,,1,0,0,28,0,69,,,,,,,Calgary
102,,,,,,,,Scarf--Red with hearts,0,,2,0,0,23,0,,,,,,,,Calgary
102,,,,,,,,Dress--Pink,0,,1,0,0,224,0,,,,,,,,Calgary
102,,,,,,,,Scarf--Pink,0,,1,0,0,39.5,0,,,,,,,,Calgary
102,,,,,,,,Scarf--Black,0,,1,0,0,39.5,0,,,,,,,,Calgary
102,,,,,,,,Scarf--Red,0,,1,0,0,45,0,,,,,,,,Calgary
102,,,,,,,,Gloves--Brown,0,,2,0,0,15.5,0,,,,,,,,Calgary
102,,,,,,,,Hat--Mustard yellow,0,,1,0,0,32.5,0,79,,,,,,,Calgary
102,,,,,,,,Scarf--Xmas pattern,0,,3,0,0,63.5,0,,,,,,,,Calgary
102,,,,,,,,Hat--Burgundy,0,,1,0,0,32.5,0,79,,,,,,,Calgary
102,,,,,,,,Gloves--Grey,0,,2,0,0,15.5,0,,,,,,,,Calgary
102,,,,,,,,Hat--Bonbon-pink,0,,1,0,0,33,0,79,,,,,,,Calgary
102,,,,,,,,Kist--Beige,0,,1,0,0,20,0,,,,,,,,Calgary
102,,,,,,,,Kist--White,0,,2,0,0,20,0,,,,,,,,Calgary
102,,,,,,,,Hat--Grey,0,,1,0,0,60.5,0,125,,,,,,,Calgary
102,,,,,,,,Hat--Brown,0,,1,0,0,60.5,0,125,,,,,,,Calgary
102,,,,,,,,Kist--Beige,0,,1,0,0,18.5,0,,,,,,,,Calgary
102,,,,,,,,Shawl--Pink beige,0,,1,0,0,144.5,0,260,,,sold,,,,Calgary
102,,,,,,,,Blanket--Brown-herringbone,0,,1,0,0,128.5,0,,,,,,,,Calgary
102,,,,,,,,Scarf--Brown,0,,1,0,0,28.5,0,,,,,,,,Calgary
102,,,,,,,,Shawl--Grey,0,,1,0,0,73,0,,,,,,,,Calgary
102,,,,,,,,Blanket--Beige,0,,1,0,0,180,0,,,,,,,,Calgary
102,,,,,,,,Shawl--Brown /yak/,0,,1,0,0,81.5,0,,,,,,,,Calgary
